Workbook

Sheet Inputs
A1: fu
A2: Rose cells are inputs. Gray cells marked CONFIRM are placeholders to replace. White cells are formulas. Gimbal at origin, y up, mm.
A3: Parameter | B3: Value | C3: Unit | D3: Note / source | R3: Chart data (auto) for the layout plot
A4: Mount locations | R4: Chamber outline | T4: Chamber outline (mirror) | V4: Chamber axis | X4: Actuator, neutral | Z4: Actuator at +max angle | AB4: Actuator at −max angle | AD4: 6 in limit | AF4: 6 in limit (mirror) | AH4: Gimbal
A5: Actuator rear pin, radial (A x) | B5: 250 | C5: mm | D5: max dia 300 / 2 | R5: x | S5: y | T5: x | U5: y | V5: x | W5: y | X5: x | Y5: y | Z5: x | AA5: y | AB5: x | AC5: y | AD5: x | AE5: y | AF5: x | AG5: y | AH5: x | AI5: y
A6: Actuator rear pin, axial (A y) | B6: 100 | C6: mm | D6: Above the gimbal is + | R6: =Inputs!$C$68 -> 88.9 | S6: =-Inputs!$B$68 -> -60 | T6: =-Inputs!$C$68 -> -88.9 | U6: =-Inputs!$B$68 -> -60 | V6: =0 -> 0 | W6: =0 -> 0 | X6: =Inputs!$B$5 -> 250 | Y6: =Inputs!$B$6 -> 100 | Z6: =Inputs!$B$5 -> 250 | AA6: =Inputs!$B$6 -> 100 | AB6: =Inputs!$B$5 -> 250 | AC6: =Inputs!$B$6 -> 100 | AD6: =Inputs!$B$38 -> 350 | AE6: =350 -> 350 | AF6: =-Inputs!$B$38 -> -350 | AG6: =350 -> 350 | AH6: =0 -> 0 | AI6: =0 -> 0
A7: Chamber pin, axial (P y) | B7: -200 | C7: mm | D7: Allowed pad stations: −260.7 to −74.0 | R7: =IF(Inputs!$C$69=0,R6,Inputs!$C$69) -> 64.855 | S7: =IF(Inputs!$C$69=0,S6,-Inputs!$B$69) -> -95 | T7: =IF(Inputs!$C$69=0,T6,-Inputs!$C$69) -> -64.855 | U7: =IF(Inputs!$C$69=0,U6,-Inputs!$B$69) -> -95 | V7: =0 -> 0 | W7: =-Inputs!$B$21 -> -378.678 | X7: =Inputs!$B$11 -> 95.855 | Y7: =Inputs!$B$7 -> -200 | Z7: =Geometry!D6 -> 129.12838 | AA7: =Geometry!D7 -> -180.3165 | AB7: =Geometry!B6 -> 59.669112 | AC7: =Geometry!B7 -> -213.6066 | AD7: =Inputs!$B$38 -> 350 | AE7: =-420 -> -420 | AF7: =-Inputs!$B$38 -> -350 | AG7: =-420 -> -420
A8: Chamber outer radius at pad station | B8: 64.855 | C8: mm | R8: =IF(Inputs!$C$70=0,R7,Inputs!$C$70) -> 35.43 | S8: =IF(Inputs!$C$70=0,S7,-Inputs!$B$70) -> -299.718 | T8: =IF(Inputs!$C$70=0,T7,-Inputs!$C$70) -> -35.43 | U8: =IF(Inputs!$C$70=0,U7,-Inputs!$B$70) -> -299.718
A9: Pad thickness | B9: 1 | C9: mm | D9: Per clevis drawing | R9: =IF(Inputs!$C$71=0,R8,Inputs!$C$71) -> 79 | S9: =IF(Inputs!$C$71=0,S8,-Inputs!$B$71) -> -398.678 | T9: =IF(Inputs!$C$71=0,T8,-Inputs!$C$71) -> -79 | U9: =IF(Inputs!$C$71=0,U8,-Inputs!$B$71) -> -398.678
A10: Pin height above pad | B10: 30 | C10: mm | D10: Rod eye head clearance; per clevis drawing | R10: =IF(Inputs!$C$72=0,R9,Inputs!$C$72) -> 79 | S10: =IF(Inputs!$C$72=0,S9,-Inputs!$B$72) -> -398.678 | T10: =IF(Inputs!$C$72=0,T9,-Inputs!$C$72) -> -79 | U10: =IF(Inputs!$C$72=0,U9,-Inputs!$B$72) -> -398.678
A11: Chamber pin, radial (P x) | B11: =B8+B9+B10 -> 95.855 | C11: mm | D11: Formula: chamber radius + pad + pin height
A12: Motion requirements | B12: 4
A13: Required gimbal angle (per axis, ±) | B13: 10 | C13: deg
A14: Max gimbal rate | B14: 20 | C14: deg/s
A15: Max gimbal angular accel | B15: 30 | C15: deg/s^2
A16: Engine and vehicle
A17: Thrust | B17: 2000 | C17: lbf
A18: Engine-side (gimbaled) mass | B18: 20 | C18: lb
A19: CG distance below gimbal | B19: 162.422 | C19: mm
A20: Gimbal to throat | B20: 279.718 | C20: mm
A21: Gimbal to nozzle exit | B21: 378.678 | C21: mm
A22: Max vehicle acceleration | B22: 5 | C22: g | D22: CONFIRM: 1 for test stand; flight = T / burnout mass
A23: Load assumptions
A24: Gimbal bearing radius | B24: 12.7 | C24: mm | D24: CONFIRM:
A25: Gimbal bearing friction coefficient | B25: 0.15 | C25: - | D25: CONFIRM: PTFE-lined ~0.05–0.1, greased steel ~0.1–0.2
A26: Thrust misalignment, offset | B26: 1.5 | C26: mm | D26: CONFIRM:
A27: Thrust misalignment, angle | B27: 0.5 | C27: deg | D27: CONFIRM:
A28: Startup side load fraction | B28: 0.1 | C28: of T | D28: CONFIRM: Applied at nozzle exit
A29: Hose torque at max angle | B29: 50 | C29: N*m | D29: CONFIRM: Needs line specs or a bend test
A30: Load uncertainty margin | B30: 1.5 | C30: -
A31: Actuator
A32: Actuator (exact name from Actuators tab) | B32: IMA33-RN04 (1-stack)
A33: Stroke to order (0 = auto-center neutral) | B33: 0 | C33: mm | D33: Enter the catalog stroke once chosen
A34: Overtravel margin at each end of stroke | B34: 5 | C34: mm | D34: Keeps the actuator off its internal stops
A35: Pin-to-pin length adder over catalog length | B35: 0 | C35: mm | D35: CONFIRM: Rod eye / rear clevis length if catalog lengths aren't pin-to-pin — check drawing
A36: Exposed rod + rod eye when fully retracted | B36: 40 | C36: mm | D36: CONFIRM: Body length ≈ retracted pin-to-pin − this — check drawing
A37: Envelope and clearance
A38: Max radius from vehicle centerline | B38: 350 | C38: mm | D38: Nothing may pass this at any gimbal angle
A39: Min clearance, actuator to chamber | B39: 3 | C39: mm
A40: Zone near chamber pin ignored for clearance | B40: 25 | C40: mm | D40: Rod eye / clevis region, contact there is by design
A41: Rod eye head radius | B41: 21 | C41: mm | D41: CONFIRM: ≈Ø42 SRE head; confirm from Tolomatic CAD
A42: Joint hardware and materials (CAD dims tab)
A43: Chamber rod end | B43: Tolomatic SRE (IMA33) | D43: Pick from the list (catalog on CAD dims tab)
A44: Structural factor of safety (yield) | B44: 1.5 | C44: - | D44: Applied on top of the limit load
A45: Rod eye head clearance to pad | B45: 10 | C45: mm | D45: Sets pin height: head radius + this
A46: Spacer each side of rod end ball | B46: 0 | C46: mm | D46: 0 = lugs clamp the ball faces directly
A47: Chamber lug thickness (each) | B47: 10 | C47: mm
A48: Chamber lug ligament (material around hole) | B48: 9 | C48: mm | D48: Sets lug end radius and width
A49: Chamber lug root length along axis | B49: 43.5 | C49: mm
A50: Lug-to-pad fillet radius | B50: 4 | C50: mm
A51: Chamber lug material yield, room temp (GRCop-42 HIP) | B51: 186 | C51: MPa | D51: Datasheet, 27 ksi
A52: Temperature knockdown at lug (hot / RT yield) | B52: 0.7 | C52: - | D52: CONFIRM: Read from NASA GRCop-42 yield vs temperature at the lug temperature
A53: Bearing yield ratio F_bry / F_ty | B53: 1 | C53: - | D53: 1.0 is conservative with no bearing data
A54: Pin yield (A286 aged) | B54: 655 | C54: MPa | D54: CONFIRM: About 95 ksi; confirm with supplier
A55: Rod end shank thread yield | B55: 640 | C55: MPa | D55: CONFIRM: Class 8.8 equivalent; confirm rod end material
A56: Min thread engagement (× thread diameter) | B56: 1 | C56: -
A57: Actuator rear clevis gap | B57: 16 | C57: mm | D57: CONFIRM: From Tolomatic rear clevis drawing
A58: Rear tongue side clearance (total) | B58: 0.5 | C58: mm
A59: Rear tongue ligament (material around hole) | B59: 5 | C59: mm
A60: Rear tongue material yield (6061-T6) | B60: 241 | C60: MPa | D60: CONFIRM: About 35 ksi; change if steel
A61: Constants
A62: Standard gravity | B62: 9.80665 | C62: m/s^2
A63: lbf to N | B63: 4.44822 | C63: N/lbf
A64: lb to kg | B64: 0.453592 | C64: kg/lb
A66: Chamber outer profile (used for swing and clearance checks)
A67: Profile point | B67: Distance below gimbal (mm) | C67: Outer radius (mm) | D67: Note
A68: Injector / flange | B68: 60 | C68: =177.8/2 -> 88.9 | D68: Outer surface incl. regen jacket and anything that sticks out — from CAD
A69: Chamber barrel | B69: 95 | C69: 64.855 | D69: Outer surface incl. regen jacket and anything that sticks out — from CAD
A70: Throat | B70: 299.718 | C70: 35.43 | D70: Outer surface incl. regen jacket and anything that sticks out — from CAD
A71: Nozzle exit | B71: 398.678 | C71: 79 | D71: Outer surface incl. regen jacket and anything that sticks out — from CAD
A72: Other (valve, bracket) — 0 = unused | B72: 0 | C72: 0 | D72: Outer surface incl. regen jacket and anything that sticks out — from CAD

Sheet Geometry
A1: Actuator kinematics vs gimbal angle
A3: Quantity | B3: Min angle | C3: Neutral | D3: Max angle | E3: Unit | T3: Chart data (auto)
A4: Gimbal angle θ | B4: =-Inputs!$B$13 -> -10 | C4: =0 -> 0 | D4: =Inputs!$B$13 -> 10 | E4: deg | T4: Angle (deg) | U4: Pin-to-pin L | V4: Usable min | W4: Usable max | X4: Moment arm
A5: θ | B5: =RADIANS(B4) -> -0.17453293 | C5: =RADIANS(C4) -> 0 | D5: =RADIANS(D4) -> 0.17453293 | E5: rad | T5: -15 | U5: =SQRT(((Inputs!$B$11*COS(RADIANS(T5))-Inputs!$B$7*SIN(RADIANS(T5)))-Inputs!$B$5)^2+((Inputs!$B$11*SIN(RADIANS(T5))+Inputs!$B$7*COS(RADIANS(T5)))-Inputs!$B$6)^2) -> 380.62387 | V5: =Validation!$B$14 -> 302.08952 | W5: =Validation!$B$15 -> 372.47903 | X5: =ABS(Inputs!$B$5*(Inputs!$B$11*SIN(RADIANS(T5))+Inputs!$B$7*COS(RADIANS(T5)))-Inputs!$B$6*(Inputs!$B$11*COS(RADIANS(T5))-Inputs!$B$7*SIN(RADIANS(T5))))/U5 -> 153.90802
A6: Chamber pin x (rotated) | B6: =Inputs!$B$11*COS(B5)-Inputs!$B$7*SIN(B5) -> 59.669112 | C6: =Inputs!$B$11*COS(C5)-Inputs!$B$7*SIN(C5) -> 95.855 | D6: =Inputs!$B$11*COS(D5)-Inputs!$B$7*SIN(D5) -> 129.12838 | E6: mm | T6: -14 | U6: =SQRT(((Inputs!$B$11*COS(RADIANS(T6))-Inputs!$B$7*SIN(RADIANS(T6)))-Inputs!$B$5)^2+((Inputs!$B$11*SIN(RADIANS(T6))+Inputs!$B$7*COS(RADIANS(T6)))-Inputs!$B$6)^2) -> 377.92358 | V6: =Validation!$B$14 -> 302.08952 | W6: =Validation!$B$15 -> 372.47903 | X6: =ABS(Inputs!$B$5*(Inputs!$B$11*SIN(RADIANS(T6))+Inputs!$B$7*COS(RADIANS(T6)))-Inputs!$B$6*(Inputs!$B$11*COS(RADIANS(T6))-Inputs!$B$7*SIN(RADIANS(T6))))/U6 -> 155.51947
A7: Chamber pin y (rotated) | B7: =Inputs!$B$11*SIN(B5)+Inputs!$B$7*COS(B5) -> -213.6066 | C7: =Inputs!$B$11*SIN(C5)+Inputs!$B$7*COS(C5) -> -200 | D7: =Inputs!$B$11*SIN(D5)+Inputs!$B$7*COS(D5) -> -180.3165 | E7: mm | T7: -13 | U7: =SQRT(((Inputs!$B$11*COS(RADIANS(T7))-Inputs!$B$7*SIN(RADIANS(T7)))-Inputs!$B$5)^2+((Inputs!$B$11*SIN(RADIANS(T7))+Inputs!$B$7*COS(RADIANS(T7)))-Inputs!$B$6)^2) -> 375.19529 | V7: =Validation!$B$14 -> 302.08952 | W7: =Validation!$B$15 -> 372.47903 | X7: =ABS(Inputs!$B$5*(Inputs!$B$11*SIN(RADIANS(T7))+Inputs!$B$7*COS(RADIANS(T7)))-Inputs!$B$6*(Inputs!$B$11*COS(RADIANS(T7))-Inputs!$B$7*SIN(RADIANS(T7))))/U7 -> 157.11812
A8: Actuator length L (pin to pin) | B8: =SQRT((B6-Inputs!$B$5)^2+(B7-Inputs!$B$6)^2) -> 366.84458 | C8: =SQRT((C6-Inputs!$B$5)^2+(C7-Inputs!$B$6)^2) -> 337.28427 | D8: =SQRT((D6-Inputs!$B$5)^2+(D7-Inputs!$B$6)^2) -> 305.26593 | E8: mm | T8: -12 | U8: =SQRT(((Inputs!$B$11*COS(RADIANS(T8))-Inputs!$B$7*SIN(RADIANS(T8)))-Inputs!$B$5)^2+((Inputs!$B$11*SIN(RADIANS(T8))+Inputs!$B$7*COS(RADIANS(T8)))-Inputs!$B$6)^2) -> 372.4392 | V8: =Validation!$B$14 -> 302.08952 | W8: =Validation!$B$15 -> 372.47903 | X8: =ABS(Inputs!$B$5*(Inputs!$B$11*SIN(RADIANS(T8))+Inputs!$B$7*COS(RADIANS(T8)))-Inputs!$B$6*(Inputs!$B$11*COS(RADIANS(T8))-Inputs!$B$7*SIN(RADIANS(T8))))/U8 -> 158.70382
A9: Stroke from neutral | B9: =B8-$C$8 -> 29.560305 | C9: =C8-$C$8 -> 0 | D9: =D8-$C$8 -> -32.018339 | E9: mm | T9: -11 | U9: =SQRT(((Inputs!$B$11*COS(RADIANS(T9))-Inputs!$B$7*SIN(RADIANS(T9)))-Inputs!$B$5)^2+((Inputs!$B$11*SIN(RADIANS(T9))+Inputs!$B$7*COS(RADIANS(T9)))-Inputs!$B$6)^2) -> 369.65556 | V9: =Validation!$B$14 -> 302.08952 | W9: =Validation!$B$15 -> 372.47903 | X9: =ABS(Inputs!$B$5*(Inputs!$B$11*SIN(RADIANS(T9))+Inputs!$B$7*COS(RADIANS(T9)))-Inputs!$B$6*(Inputs!$B$11*COS(RADIANS(T9))-Inputs!$B$7*SIN(RADIANS(T9))))/U9 -> 160.27641
A10: Cross product Ax·Py − Ay·Px | B10: =Inputs!$B$5*B7-Inputs!$B$6*B6 -> -59368.56 | C10: =Inputs!$B$5*C7-Inputs!$B$6*C6 -> -59585.5 | D10: =Inputs!$B$5*D7-Inputs!$B$6*D6 -> -57991.964 | E10: mm^2 | T10: -10 | U10: =SQRT(((Inputs!$B$11*COS(RADIANS(T10))-Inputs!$B$7*SIN(RADIANS(T10)))-Inputs!$B$5)^2+((Inputs!$B$11*SIN(RADIANS(T10))+Inputs!$B$7*COS(RADIANS(T10)))-Inputs!$B$6)^2) -> 366.84458 | V10: =Validation!$B$14 -> 302.08952 | W10: =Validation!$B$15 -> 372.47903 | X10: =ABS(Inputs!$B$5*(Inputs!$B$11*SIN(RADIANS(T10))+Inputs!$B$7*COS(RADIANS(T10)))-Inputs!$B$6*(Inputs!$B$11*COS(RADIANS(T10))-Inputs!$B$7*SIN(RADIANS(T10))))/U10 -> 161.83573
A11: dL/dθ (moment arm, signed) | B11: =B10/B8 -> -161.83573 | C11: =C10/C8 -> -176.66255 | D11: =D10/D8 -> -189.97195 | E11: mm/rad | T11: -9 | U11: =SQRT(((Inputs!$B$11*COS(RADIANS(T11))-Inputs!$B$7*SIN(RADIANS(T11)))-Inputs!$B$5)^2+((Inputs!$B$11*SIN(RADIANS(T11))+Inputs!$B$7*COS(RADIANS(T11)))-Inputs!$B$6)^2) -> 364.0065 | V11: =Validation!$B$14 -> 302.08952 | W11: =Validation!$B$15 -> 372.47903 | X11: =ABS(Inputs!$B$5*(Inputs!$B$11*SIN(RADIANS(T11))+Inputs!$B$7*COS(RADIANS(T11)))-Inputs!$B$6*(Inputs!$B$11*COS(RADIANS(T11))-Inputs!$B$7*SIN(RADIANS(T11))))/U11 -> 163.38162
A12: Dot product A·P | B12: =Inputs!$B$5*B6+Inputs!$B$6*B7 -> -6443.3818 | C12: =Inputs!$B$5*C6+Inputs!$B$6*C7 -> 3963.75 | D12: =Inputs!$B$5*D6+Inputs!$B$6*D7 -> 14250.445 | E12: mm^2 | T12: -8 | U12: =SQRT(((Inputs!$B$11*COS(RADIANS(T12))-Inputs!$B$7*SIN(RADIANS(T12)))-Inputs!$B$5)^2+((Inputs!$B$11*SIN(RADIANS(T12))+Inputs!$B$7*COS(RADIANS(T12)))-Inputs!$B$6)^2) -> 361.14156 | V12: =Validation!$B$14 -> 302.08952 | W12: =Validation!$B$15 -> 372.47903 | X12: =ABS(Inputs!$B$5*(Inputs!$B$11*SIN(RADIANS(T12))+Inputs!$B$7*COS(RADIANS(T12)))-Inputs!$B$6*(Inputs!$B$11*COS(RADIANS(T12))-Inputs!$B$7*SIN(RADIANS(T12))))/U12 -> 164.9139
A13: d²L/dθ² | B13: =(B12-B11^2)/B8 -> -88.95916 | C13: =(C12-C11^2)/C8 -> -80.780247 | D13: =(D12-D11^2)/D8 -> -71.540561 | E13: mm/rad^2 | T13: -7 | U13: =SQRT(((Inputs!$B$11*COS(RADIANS(T13))-Inputs!$B$7*SIN(RADIANS(T13)))-Inputs!$B$5)^2+((Inputs!$B$11*SIN(RADIANS(T13))+Inputs!$B$7*COS(RADIANS(T13)))-Inputs!$B$6)^2) -> 358.25 | V13: =Validation!$B$14 -> 302.08952 | W13: =Validation!$B$15 -> 372.47903 | X13: =ABS(Inputs!$B$5*(Inputs!$B$11*SIN(RADIANS(T13))+Inputs!$B$7*COS(RADIANS(T13)))-Inputs!$B$6*(Inputs!$B$11*COS(RADIANS(T13))-Inputs!$B$7*SIN(RADIANS(T13))))/U13 -> 166.43243
A14: Gimbal rate ω | B14: =RADIANS(Inputs!$B$14) -> 0.34906585 | C14: =RADIANS(Inputs!$B$14) -> 0.34906585 | D14: =RADIANS(Inputs!$B$14) -> 0.34906585 | E14: rad/s | T14: -6 | U14: =SQRT(((Inputs!$B$11*COS(RADIANS(T14))-Inputs!$B$7*SIN(RADIANS(T14)))-Inputs!$B$5)^2+((Inputs!$B$11*SIN(RADIANS(T14))+Inputs!$B$7*COS(RADIANS(T14)))-Inputs!$B$6)^2) -> 355.33206 | V14: =Validation!$B$14 -> 302.08952 | W14: =Validation!$B$15 -> 372.47903 | X14: =ABS(Inputs!$B$5*(Inputs!$B$11*SIN(RADIANS(T14))+Inputs!$B$7*COS(RADIANS(T14)))-Inputs!$B$6*(Inputs!$B$11*COS(RADIANS(T14))-Inputs!$B$7*SIN(RADIANS(T14))))/U14 -> 167.93703
A15: Gimbal angular accel α | B15: =RADIANS(Inputs!$B$15) -> 0.52359878 | C15: =RADIANS(Inputs!$B$15) -> 0.52359878 | D15: =RADIANS(Inputs!$B$15) -> 0.52359878 | E15: rad/s^2 | T15: -5 | U15: =SQRT(((Inputs!$B$11*COS(RADIANS(T15))-Inputs!$B$7*SIN(RADIANS(T15)))-Inputs!$B$5)^2+((Inputs!$B$11*SIN(RADIANS(T15))+Inputs!$B$7*COS(RADIANS(T15)))-Inputs!$B$6)^2) -> 352.38797 | V15: =Validation!$B$14 -> 302.08952 | W15: =Validation!$B$15 -> 372.47903 | X15: =ABS(Inputs!$B$5*(Inputs!$B$11*SIN(RADIANS(T15))+Inputs!$B$7*COS(RADIANS(T15)))-Inputs!$B$6*(Inputs!$B$11*COS(RADIANS(T15))-Inputs!$B$7*SIN(RADIANS(T15))))/U15 -> 169.42753
A16: Actuator speed |dL/dθ|·ω | B16: =ABS(B11)*B14 -> 56.491327 | C16: =ABS(C11)*C14 -> 61.666863 | D16: =ABS(D11)*D14 -> 66.31272 | E16: mm/s | T16: -4 | U16: =SQRT(((Inputs!$B$11*COS(RADIANS(T16))-Inputs!$B$7*SIN(RADIANS(T16)))-Inputs!$B$5)^2+((Inputs!$B$11*SIN(RADIANS(T16))+Inputs!$B$7*COS(RADIANS(T16)))-Inputs!$B$6)^2) -> 349.418 | V16: =Validation!$B$14 -> 302.08952 | W16: =Validation!$B$15 -> 372.47903 | X16: =ABS(Inputs!$B$5*(Inputs!$B$11*SIN(RADIANS(T16))+Inputs!$B$7*COS(RADIANS(T16)))-Inputs!$B$6*(Inputs!$B$11*COS(RADIANS(T16))-Inputs!$B$7*SIN(RADIANS(T16))))/U16 -> 170.90376
A17: Actuator accel, worst |d²L/dθ²|·ω² + |dL/dθ|·α | B17: =ABS(B13)*B14^2+ABS(B11)*B15 -> 95.576394 | C17: =ABS(C13)*C14^2+ABS(C11)*C15 -> 102.34312 | D17: =ABS(D13)*D14^2+ABS(D11)*D15 -> 108.18608 | E17: mm/s^2 | T17: -3 | U17: =SQRT(((Inputs!$B$11*COS(RADIANS(T17))-Inputs!$B$7*SIN(RADIANS(T17)))-Inputs!$B$5)^2+((Inputs!$B$11*SIN(RADIANS(T17))+Inputs!$B$7*COS(RADIANS(T17)))-Inputs!$B$6)^2) -> 346.42239 | V17: =Validation!$B$14 -> 302.08952 | W17: =Validation!$B$15 -> 372.47903 | X17: =ABS(Inputs!$B$5*(Inputs!$B$11*SIN(RADIANS(T17))+Inputs!$B$7*COS(RADIANS(T17)))-Inputs!$B$6*(Inputs!$B$11*COS(RADIANS(T17))-Inputs!$B$7*SIN(RADIANS(T17))))/U17 -> 172.36555
T18: -2 | U18: =SQRT(((Inputs!$B$11*COS(RADIANS(T18))-Inputs!$B$7*SIN(RADIANS(T18)))-Inputs!$B$5)^2+((Inputs!$B$11*SIN(RADIANS(T18))+Inputs!$B$7*COS(RADIANS(T18)))-Inputs!$B$6)^2) -> 343.4014 | V18: =Validation!$B$14 -> 302.08952 | W18: =Validation!$B$15 -> 372.47903 | X18: =ABS(Inputs!$B$5*(Inputs!$B$11*SIN(RADIANS(T18))+Inputs!$B$7*COS(RADIANS(T18)))-Inputs!$B$6*(Inputs!$B$11*COS(RADIANS(T18))-Inputs!$B$7*SIN(RADIANS(T18))))/U18 -> 173.81273
T19: -1 | U19: =SQRT(((Inputs!$B$11*COS(RADIANS(T19))-Inputs!$B$7*SIN(RADIANS(T19)))-Inputs!$B$5)^2+((Inputs!$B$11*SIN(RADIANS(T19))+Inputs!$B$7*COS(RADIANS(T19)))-Inputs!$B$6)^2) -> 340.35527 | V19: =Validation!$B$14 -> 302.08952 | W19: =Validation!$B$15 -> 372.47903 | X19: =ABS(Inputs!$B$5*(Inputs!$B$11*SIN(RADIANS(T19))+Inputs!$B$7*COS(RADIANS(T19)))-Inputs!$B$6*(Inputs!$B$11*COS(RADIANS(T19))-Inputs!$B$7*SIN(RADIANS(T19))))/U19 -> 175.24513
A20: Summary (per actuator) | T20: 0 | U20: =SQRT(((Inputs!$B$11*COS(RADIANS(T20))-Inputs!$B$7*SIN(RADIANS(T20)))-Inputs!$B$5)^2+((Inputs!$B$11*SIN(RADIANS(T20))+Inputs!$B$7*COS(RADIANS(T20)))-Inputs!$B$6)^2) -> 337.28427 | V20: =Validation!$B$14 -> 302.08952 | W20: =Validation!$B$15 -> 372.47903 | X20: =ABS(Inputs!$B$5*(Inputs!$B$11*SIN(RADIANS(T20))+Inputs!$B$7*COS(RADIANS(T20)))-Inputs!$B$6*(Inputs!$B$11*COS(RADIANS(T20))-Inputs!$B$7*SIN(RADIANS(T20))))/U20 -> 176.66255
A21: Required actuator speed (max) | B21: =MAX(B16:D16) -> 66.31272 | C21: mm/s | T21: 1 | U21: =SQRT(((Inputs!$B$11*COS(RADIANS(T21))-Inputs!$B$7*SIN(RADIANS(T21)))-Inputs!$B$5)^2+((Inputs!$B$11*SIN(RADIANS(T21))+Inputs!$B$7*COS(RADIANS(T21)))-Inputs!$B$6)^2) -> 334.18867 | V21: =Validation!$B$14 -> 302.08952 | W21: =Validation!$B$15 -> 372.47903 | X21: =ABS(Inputs!$B$5*(Inputs!$B$11*SIN(RADIANS(T21))+Inputs!$B$7*COS(RADIANS(T21)))-Inputs!$B$6*(Inputs!$B$11*COS(RADIANS(T21))-Inputs!$B$7*SIN(RADIANS(T21))))/U21 -> 178.06483
A22: Required actuator accel (max) | B22: =MAX(B17:D17) -> 108.18608 | C22: mm/s^2 | T22: 2 | U22: =SQRT(((Inputs!$B$11*COS(RADIANS(T22))-Inputs!$B$7*SIN(RADIANS(T22)))-Inputs!$B$5)^2+((Inputs!$B$11*SIN(RADIANS(T22))+Inputs!$B$7*COS(RADIANS(T22)))-Inputs!$B$6)^2) -> 331.06873 | V22: =Validation!$B$14 -> 302.08952 | W22: =Validation!$B$15 -> 372.47903 | X22: =ABS(Inputs!$B$5*(Inputs!$B$11*SIN(RADIANS(T22))+Inputs!$B$7*COS(RADIANS(T22)))-Inputs!$B$6*(Inputs!$B$11*COS(RADIANS(T22))-Inputs!$B$7*SIN(RADIANS(T22))))/U22 -> 179.45177
A23: Stroke used over ± required angle | B23: =MAX(B8:D8)-MIN(B8:D8) -> 61.578644 | C23: mm | T23: 3 | U23: =SQRT(((Inputs!$B$11*COS(RADIANS(T23))-Inputs!$B$7*SIN(RADIANS(T23)))-Inputs!$B$5)^2+((Inputs!$B$11*SIN(RADIANS(T23))+Inputs!$B$7*COS(RADIANS(T23)))-Inputs!$B$6)^2) -> 327.92471 | V23: =Validation!$B$14 -> 302.08952 | W23: =Validation!$B$15 -> 372.47903 | X23: =ABS(Inputs!$B$5*(Inputs!$B$11*SIN(RADIANS(T23))+Inputs!$B$7*COS(RADIANS(T23)))-Inputs!$B$6*(Inputs!$B$11*COS(RADIANS(T23))-Inputs!$B$7*SIN(RADIANS(T23))))/U23 -> 180.82319
A24: Smallest moment arm | B24: =MIN(ABS(B11),ABS(C11),ABS(D11)) -> 161.83573 | C24: mm/rad | T24: 4 | U24: =SQRT(((Inputs!$B$11*COS(RADIANS(T24))-Inputs!$B$7*SIN(RADIANS(T24)))-Inputs!$B$5)^2+((Inputs!$B$11*SIN(RADIANS(T24))+Inputs!$B$7*COS(RADIANS(T24)))-Inputs!$B$6)^2) -> 324.7569 | V24: =Validation!$B$14 -> 302.08952 | W24: =Validation!$B$15 -> 372.47903 | X24: =ABS(Inputs!$B$5*(Inputs!$B$11*SIN(RADIANS(T24))+Inputs!$B$7*COS(RADIANS(T24)))-Inputs!$B$6*(Inputs!$B$11*COS(RADIANS(T24))-Inputs!$B$7*SIN(RADIANS(T24))))/U24 -> 182.1789
A25: Shortest pin-to-pin length | B25: =MIN(B8:D8) -> 305.26593 | C25: mm | T25: 5 | U25: =SQRT(((Inputs!$B$11*COS(RADIANS(T25))-Inputs!$B$7*SIN(RADIANS(T25)))-Inputs!$B$5)^2+((Inputs!$B$11*SIN(RADIANS(T25))+Inputs!$B$7*COS(RADIANS(T25)))-Inputs!$B$6)^2) -> 321.56556 | V25: =Validation!$B$14 -> 302.08952 | W25: =Validation!$B$15 -> 372.47903 | X25: =ABS(Inputs!$B$5*(Inputs!$B$11*SIN(RADIANS(T25))+Inputs!$B$7*COS(RADIANS(T25)))-Inputs!$B$6*(Inputs!$B$11*COS(RADIANS(T25))-Inputs!$B$7*SIN(RADIANS(T25))))/U25 -> 183.51871
A26: Longest pin-to-pin length | B26: =MAX(B8:D8) -> 366.84458 | C26: mm | T26: 6 | U26: =SQRT(((Inputs!$B$11*COS(RADIANS(T26))-Inputs!$B$7*SIN(RADIANS(T26)))-Inputs!$B$5)^2+((Inputs!$B$11*SIN(RADIANS(T26))+Inputs!$B$7*COS(RADIANS(T26)))-Inputs!$B$6)^2) -> 318.35098 | V26: =Validation!$B$14 -> 302.08952 | W26: =Validation!$B$15 -> 372.47903 | X26: =ABS(Inputs!$B$5*(Inputs!$B$11*SIN(RADIANS(T26))+Inputs!$B$7*COS(RADIANS(T26)))-Inputs!$B$6*(Inputs!$B$11*COS(RADIANS(T26))-Inputs!$B$7*SIN(RADIANS(T26))))/U26 -> 184.8424
T27: 7 | U27: =SQRT(((Inputs!$B$11*COS(RADIANS(T27))-Inputs!$B$7*SIN(RADIANS(T27)))-Inputs!$B$5)^2+((Inputs!$B$11*SIN(RADIANS(T27))+Inputs!$B$7*COS(RADIANS(T27)))-Inputs!$B$6)^2) -> 315.11344 | V27: =Validation!$B$14 -> 302.08952 | W27: =Validation!$B$15 -> 372.47903 | X27: =ABS(Inputs!$B$5*(Inputs!$B$11*SIN(RADIANS(T27))+Inputs!$B$7*COS(RADIANS(T27)))-Inputs!$B$6*(Inputs!$B$11*COS(RADIANS(T27))-Inputs!$B$7*SIN(RADIANS(T27))))/U27 -> 186.14979
A28: Pass / fail checks and max achievable angle are on the Validation tab. | T28: 8 | U28: =SQRT(((Inputs!$B$11*COS(RADIANS(T28))-Inputs!$B$7*SIN(RADIANS(T28)))-Inputs!$B$5)^2+((Inputs!$B$11*SIN(RADIANS(T28))+Inputs!$B$7*COS(RADIANS(T28)))-Inputs!$B$6)^2) -> 311.85322 | V28: =Validation!$B$14 -> 302.08952 | W28: =Validation!$B$15 -> 372.47903 | X28: =ABS(Inputs!$B$5*(Inputs!$B$11*SIN(RADIANS(T28))+Inputs!$B$7*COS(RADIANS(T28)))-Inputs!$B$6*(Inputs!$B$11*COS(RADIANS(T28))-Inputs!$B$7*SIN(RADIANS(T28))))/U28 -> 187.44065
T29: 9 | U29: =SQRT(((Inputs!$B$11*COS(RADIANS(T29))-Inputs!$B$7*SIN(RADIANS(T29)))-Inputs!$B$5)^2+((Inputs!$B$11*SIN(RADIANS(T29))+Inputs!$B$7*COS(RADIANS(T29)))-Inputs!$B$6)^2) -> 308.57062 | V29: =Validation!$B$14 -> 302.08952 | W29: =Validation!$B$15 -> 372.47903 | X29: =ABS(Inputs!$B$5*(Inputs!$B$11*SIN(RADIANS(T29))+Inputs!$B$7*COS(RADIANS(T29)))-Inputs!$B$6*(Inputs!$B$11*COS(RADIANS(T29))-Inputs!$B$7*SIN(RADIANS(T29))))/U29 -> 188.71478
T30: 10 | U30: =SQRT(((Inputs!$B$11*COS(RADIANS(T30))-Inputs!$B$7*SIN(RADIANS(T30)))-Inputs!$B$5)^2+((Inputs!$B$11*SIN(RADIANS(T30))+Inputs!$B$7*COS(RADIANS(T30)))-Inputs!$B$6)^2) -> 305.26593 | V30: =Validation!$B$14 -> 302.08952 | W30: =Validation!$B$15 -> 372.47903 | X30: =ABS(Inputs!$B$5*(Inputs!$B$11*SIN(RADIANS(T30))+Inputs!$B$7*COS(RADIANS(T30)))-Inputs!$B$6*(Inputs!$B$11*COS(RADIANS(T30))-Inputs!$B$7*SIN(RADIANS(T30))))/U30 -> 189.97195
T31: 11 | U31: =SQRT(((Inputs!$B$11*COS(RADIANS(T31))-Inputs!$B$7*SIN(RADIANS(T31)))-Inputs!$B$5)^2+((Inputs!$B$11*SIN(RADIANS(T31))+Inputs!$B$7*COS(RADIANS(T31)))-Inputs!$B$6)^2) -> 301.93945 | V31: =Validation!$B$14 -> 302.08952 | W31: =Validation!$B$15 -> 372.47903 | X31: =ABS(Inputs!$B$5*(Inputs!$B$11*SIN(RADIANS(T31))+Inputs!$B$7*COS(RADIANS(T31)))-Inputs!$B$6*(Inputs!$B$11*COS(RADIANS(T31))-Inputs!$B$7*SIN(RADIANS(T31))))/U31 -> 191.21194
T32: 12 | U32: =SQRT(((Inputs!$B$11*COS(RADIANS(T32))-Inputs!$B$7*SIN(RADIANS(T32)))-Inputs!$B$5)^2+((Inputs!$B$11*SIN(RADIANS(T32))+Inputs!$B$7*COS(RADIANS(T32)))-Inputs!$B$6)^2) -> 298.59148 | V32: =Validation!$B$14 -> 302.08952 | W32: =Validation!$B$15 -> 372.47903 | X32: =ABS(Inputs!$B$5*(Inputs!$B$11*SIN(RADIANS(T32))+Inputs!$B$7*COS(RADIANS(T32)))-Inputs!$B$6*(Inputs!$B$11*COS(RADIANS(T32))-Inputs!$B$7*SIN(RADIANS(T32))))/U32 -> 192.43451
T33: 13 | U33: =SQRT(((Inputs!$B$11*COS(RADIANS(T33))-Inputs!$B$7*SIN(RADIANS(T33)))-Inputs!$B$5)^2+((Inputs!$B$11*SIN(RADIANS(T33))+Inputs!$B$7*COS(RADIANS(T33)))-Inputs!$B$6)^2) -> 295.22232 | V33: =Validation!$B$14 -> 302.08952 | W33: =Validation!$B$15 -> 372.47903 | X33: =ABS(Inputs!$B$5*(Inputs!$B$11*SIN(RADIANS(T33))+Inputs!$B$7*COS(RADIANS(T33)))-Inputs!$B$6*(Inputs!$B$11*COS(RADIANS(T33))-Inputs!$B$7*SIN(RADIANS(T33))))/U33 -> 193.63941
T34: 14 | U34: =SQRT(((Inputs!$B$11*COS(RADIANS(T34))-Inputs!$B$7*SIN(RADIANS(T34)))-Inputs!$B$5)^2+((Inputs!$B$11*SIN(RADIANS(T34))+Inputs!$B$7*COS(RADIANS(T34)))-Inputs!$B$6)^2) -> 291.83229 | V34: =Validation!$B$14 -> 302.08952 | W34: =Validation!$B$15 -> 372.47903 | X34: =ABS(Inputs!$B$5*(Inputs!$B$11*SIN(RADIANS(T34))+Inputs!$B$7*COS(RADIANS(T34)))-Inputs!$B$6*(Inputs!$B$11*COS(RADIANS(T34))-Inputs!$B$7*SIN(RADIANS(T34))))/U34 -> 194.82641
T35: 15 | U35: =SQRT(((Inputs!$B$11*COS(RADIANS(T35))-Inputs!$B$7*SIN(RADIANS(T35)))-Inputs!$B$5)^2+((Inputs!$B$11*SIN(RADIANS(T35))+Inputs!$B$7*COS(RADIANS(T35)))-Inputs!$B$6)^2) -> 288.4217 | V35: =Validation!$B$14 -> 302.08952 | W35: =Validation!$B$15 -> 372.47903 | X35: =ABS(Inputs!$B$5*(Inputs!$B$11*SIN(RADIANS(T35))+Inputs!$B$7*COS(RADIANS(T35)))-Inputs!$B$6*(Inputs!$B$11*COS(RADIANS(T35))-Inputs!$B$7*SIN(RADIANS(T35))))/U35 -> 195.99523

Sheet Loads
A1: Gimbal torques and actuator forces
A3: Derived | T3: Chart data (auto)
A4: Thrust | B4: =Inputs!$B$17*Inputs!$B$63 -> 8896.44 | C4: N | U4: Required (× margin) | V4: Selected actuator rating
A5: Engine-side mass | B5: =Inputs!$B$18*Inputs!$B$64 -> 9.07184 | C5: kg | T5: Running | U5: =B34 -> 1063.4512 | V5: =Validation!B28 -> 2000
A6: Inertia about gimbal m·d² + m·L²/12 | B6: =B5*(Inputs!$B$19/1000)^2+B5*(Inputs!$B$21/1000)^2/12 -> 0.3477296 | C6: kg*m^2 | T6: Holding | U6: =B35 -> 3158.1329 | V6: =Validation!B29 -> 6010
A8: Running load (moving) | B8: Min angle | C8: Neutral | D8: Max angle | E8: Unit
A9: Gimbal angle | B9: =Geometry!B4 -> -10 | C9: =Geometry!C4 -> 0 | D9: =Geometry!D4 -> 10 | E9: deg
A10: Inertia I·α | B10: =$B$6*Geometry!B15 -> 0.18207079 | C10: =$B$6*Geometry!C15 -> 0.18207079 | D10: =$B$6*Geometry!D15 -> 0.18207079 | E10: N*m
A11: Pendulum m·a·d·sin|θ| | B11: =$B$5*Inputs!$B$22*Inputs!$B$62*(Inputs!$B$19/1000)*SIN(ABS(Geometry!B5)) -> 12.54588 | C11: =$B$5*Inputs!$B$22*Inputs!$B$62*(Inputs!$B$19/1000)*SIN(ABS(Geometry!C5)) -> 0 | D11: =$B$5*Inputs!$B$22*Inputs!$B$62*(Inputs!$B$19/1000)*SIN(ABS(Geometry!D5)) -> 12.54588 | E11: N*m
A12: Bearing friction μ·T·r_b | B12: =Inputs!$B$25*$B$4*Inputs!$B$24/1000 -> 16.947718 | C12: =Inputs!$B$25*$B$4*Inputs!$B$24/1000 -> 16.947718 | D12: =Inputs!$B$25*$B$4*Inputs!$B$24/1000 -> 16.947718 | E12: N*m
A13: Misalignment, offset T·e | B13: =$B$4*Inputs!$B$26/1000 -> 13.34466 | C13: =$B$4*Inputs!$B$26/1000 -> 13.34466 | D13: =$B$4*Inputs!$B$26/1000 -> 13.34466 | E13: N*m
A14: Misalignment, angle T·sinδ·d_throat | B14: =$B$4*SIN(RADIANS(Inputs!$B$27))*Inputs!$B$20/1000 -> 21.715935 | C14: =$B$4*SIN(RADIANS(Inputs!$B$27))*Inputs!$B$20/1000 -> 21.715935 | D14: =$B$4*SIN(RADIANS(Inputs!$B$27))*Inputs!$B$20/1000 -> 21.715935 | E14: N*m
A15: Hose (linear in angle) | B15: =Inputs!$B$29*ABS(B9)/Inputs!$B$13 -> 50 | C15: =Inputs!$B$29*ABS(C9)/Inputs!$B$13 -> 0 | D15: =Inputs!$B$29*ABS(D9)/Inputs!$B$13 -> 50 | E15: N*m
A16: Running torque total | B16: =SUM(B10:B15) -> 114.73626 | C16: =SUM(C10:C15) -> 52.190384 | D16: =SUM(D10:D15) -> 114.73626 | E16: N*m
A17: Moment arm |dL/dθ| | B17: =ABS(Geometry!B11)/1000 -> 0.16183573 | C17: =ABS(Geometry!C11)/1000 -> 0.17666255 | D17: =ABS(Geometry!D11)/1000 -> 0.18997195 | E17: m/rad
A18: Running force | B18: =B16/B17 -> 708.96744 | C18: =C16/C17 -> 295.42415 | D18: =D16/D17 -> 603.96424 | E18: N
A19: Running force × margin | B19: =B18*Inputs!$B$30 -> 1063.4512 | C19: =C18*Inputs!$B$30 -> 443.13622 | D19: =D18*Inputs!$B$30 -> 905.94636 | E19: N
A20: Running force × margin | B20: =B19/Inputs!$B$63 -> 239.07342 | C20: =C19/Inputs!$B$63 -> 99.621022 | D20: =D19/Inputs!$B$63 -> 203.66492 | E20: lbf
A23: Holding load (startup, at neutral) | B23: Value | C23: Unit
A24: Startup side load torque f·T·d_exit | B24: =Inputs!$B$28*$B$4*Inputs!$B$21/1000 -> 336.88861 | C24: N*m
A25: Misalignment (offset + angle) | B25: =C13+C14 -> 35.060595 | C25: N*m
A26: Holding torque total | B26: =B24+B25 -> 371.94921 | C26: N*m
A27: Moment arm at neutral | B27: =C17 -> 0.17666255 | C27: m/rad
A28: Holding force | B28: =B26/B27 -> 2105.4219 | C28: N
A29: Holding force × margin | B29: =B28*Inputs!$B$30 -> 3158.1329 | C29: N
A30: Holding force × margin | B30: =B29/Inputs!$B$63 -> 709.97677 | C30: lbf
A31: Friction is left out of holding: it resists motion, so omitting it is conservative.
A33: Summary (per actuator)
A34: Worst running force × margin | B34: =MAX(B19:D19) -> 1063.4512 | C34: N | D34: =MAX(B20:D20) -> 239.07342 | E34: lbf
A35: Holding force × margin | B35: =B29 -> 3158.1329 | C35: N | D35: =B30 -> 709.97677 | E35: lbf
A36: Required speed | B36: =Geometry!B21 -> 66.31272 | C36: mm/s

Sheet Validation
A1: Geometry validation and max achievable angle
A2: Checks the one design on Inputs. Angle search: 0.25° steps out to 30° each way, one axis at a time (table from row 42).
X3: Chart data (auto)
A4: Actuator travel | B4: Value | C4: Unit | X4: Angle (deg) | Y4: Envelope radius | Z4: 6 in limit | AA4: Clearance margin | AB4: Zero
A5: Actuator | B5: =Inputs!$B$32 -> IMA33-RN04 (1-stack) | X5: -15 | Y5: =IF(X5<0,INDEX($N$43:$N$163,MATCH(-X5,$A$43:$A$163,0)),INDEX($H$43:$H$163,MATCH(X5,$A$43:$A$163,0))) -> 291.8 | Z5: =Inputs!$B$38 -> 350 | AA5: =IF(X5<0,INDEX($O$43:$O$163,MATCH(-X5,$A$43:$A$163,0)),INDEX($I$43:$I$163,MATCH(X5,$A$43:$A$163,0))) -> 5.8459578 | AB5: 0
A6: Dead length (retracted − stroke) | B6: {=INDEX(Actuators!$W$2:$W$20,MATCH(Inputs!$B$32,Actuators!$A$2:$A$20,0))} -> 216.7 | C6: mm | X6: -14.5 | Y6: =IF(X6<0,INDEX($N$43:$N$163,MATCH(-X6,$A$43:$A$163,0)),INDEX($H$43:$H$163,MATCH(X6,$A$43:$A$163,0))) -> 291.8 | Z6: =Inputs!$B$38 -> 350 | AA6: =IF(X6<0,INDEX($O$43:$O$163,MATCH(-X6,$A$43:$A$163,0)),INDEX($I$43:$I$163,MATCH(X6,$A$43:$A$163,0))) -> 6.5076983 | AB6: 0
A7: Body width | B7: {=INDEX(Actuators!$J$2:$J$20,MATCH(Inputs!$B$32,Actuators!$A$2:$A$20,0))} -> 83.6 | C7: mm | X7: -14 | Y7: =IF(X7<0,INDEX($N$43:$N$163,MATCH(-X7,$A$43:$A$163,0)),INDEX($H$43:$H$163,MATCH(X7,$A$43:$A$163,0))) -> 291.8 | Z7: =Inputs!$B$38 -> 350 | AA7: =IF(X7<0,INDEX($O$43:$O$163,MATCH(-X7,$A$43:$A$163,0)),INDEX($I$43:$I$163,MATCH(X7,$A$43:$A$163,0))) -> 7.1687764 | AB7: 0
A8: Rod diameter | B8: {=INDEX(Actuators!$M$2:$M$20,MATCH(Inputs!$B$32,Actuators!$A$2:$A$20,0))} -> 30.13 | C8: mm | X8: -13.5 | Y8: =IF(X8<0,INDEX($N$43:$N$163,MATCH(-X8,$A$43:$A$163,0)),INDEX($H$43:$H$163,MATCH(X8,$A$43:$A$163,0))) -> 291.8 | Z8: =Inputs!$B$38 -> 350 | AA8: =IF(X8<0,INDEX($O$43:$O$163,MATCH(-X8,$A$43:$A$163,0)),INDEX($I$43:$I$163,MATCH(X8,$A$43:$A$163,0))) -> 7.8291816 | AB8: 0
A9: Catalog stroke range | B9: {=INDEX(Actuators!$U$2:$U$20,MATCH(Inputs!$B$32,Actuators!$A$2:$A$20,0))&" – "&INDEX(Actuators!$V$2:$V$20,MATCH(Inputs!$B$32,Actuators!$A$2:$A$20,0))} -> 76.2 – 457.2 | C9: mm | X9: -13 | Y9: =IF(X9<0,INDEX($N$43:$N$163,MATCH(-X9,$A$43:$A$163,0)),INDEX($H$43:$H$163,MATCH(X9,$A$43:$A$163,0))) -> 291.8 | Z9: =Inputs!$B$38 -> 350 | AA9: =IF(X9<0,INDEX($O$43:$O$163,MATCH(-X9,$A$43:$A$163,0)),INDEX($I$43:$I$163,MATCH(X9,$A$43:$A$163,0))) -> 8.4889035 | AB9: 0
A10: Pin-to-pin length at neutral | B10: =Geometry!C8 -> 337.28427 | C10: mm | X10: -12.5 | Y10: =IF(X10<0,INDEX($N$43:$N$163,MATCH(-X10,$A$43:$A$163,0)),INDEX($H$43:$H$163,MATCH(X10,$A$43:$A$163,0))) -> 291.8 | Z10: =Inputs!$B$38 -> 350 | AA10: =IF(X10<0,INDEX($O$43:$O$163,MATCH(-X10,$A$43:$A$163,0)),INDEX($I$43:$I$163,MATCH(X10,$A$43:$A$163,0))) -> 9.1479318 | AB10: 0
A11: Stroke used | B11: {=IF(Inputs!$B$33>0,Inputs!$B$33,MIN(INDEX(Actuators!$V$2:$V$20,MATCH(Inputs!$B$32,Actuators!$A$2:$A$20,0)),MAX(INDEX(Actuators!$U$2:$U$20,MATCH(Inputs!$B$32,Actuators!$A$2:$A$20,0)),(B10-B6-Inputs!$B$35)/1.5)))} -> 80.389516 | C11: mm | X11: -12 | Y11: =IF(X11<0,INDEX($N$43:$N$163,MATCH(-X11,$A$43:$A$163,0)),INDEX($H$43:$H$163,MATCH(X11,$A$43:$A$163,0))) -> 291.8 | Z11: =Inputs!$B$38 -> 350 | AA11: =IF(X11<0,INDEX($O$43:$O$163,MATCH(-X11,$A$43:$A$163,0)),INDEX($I$43:$I$163,MATCH(X11,$A$43:$A$163,0))) -> 9.806256 | AB11: 0
A12: Retracted pin-to-pin | B12: =B6+Inputs!$B$35+B11 -> 297.08952 | C12: mm | X12: -11.5 | Y12: =IF(X12<0,INDEX($N$43:$N$163,MATCH(-X12,$A$43:$A$163,0)),INDEX($H$43:$H$163,MATCH(X12,$A$43:$A$163,0))) -> 291.8 | Z12: =Inputs!$B$38 -> 350 | AA12: =IF(X12<0,INDEX($O$43:$O$163,MATCH(-X12,$A$43:$A$163,0)),INDEX($I$43:$I$163,MATCH(X12,$A$43:$A$163,0))) -> 10.463866 | AB12: 0
A13: Extended pin-to-pin | B13: =B6+Inputs!$B$35+2*B11 -> 377.47903 | C13: mm | X13: -11 | Y13: =IF(X13<0,INDEX($N$43:$N$163,MATCH(-X13,$A$43:$A$163,0)),INDEX($H$43:$H$163,MATCH(X13,$A$43:$A$163,0))) -> 291.8 | Z13: =Inputs!$B$38 -> 350 | AA13: =IF(X13<0,INDEX($O$43:$O$163,MATCH(-X13,$A$43:$A$163,0)),INDEX($I$43:$I$163,MATCH(X13,$A$43:$A$163,0))) -> 11.120751 | AB13: 0
A14: Usable length min (with overtravel margin) | B14: =B12+Inputs!$B$34 -> 302.08952 | C14: mm | X14: -10.5 | Y14: =IF(X14<0,INDEX($N$43:$N$163,MATCH(-X14,$A$43:$A$163,0)),INDEX($H$43:$H$163,MATCH(X14,$A$43:$A$163,0))) -> 291.8 | Z14: =Inputs!$B$38 -> 350 | AA14: =IF(X14<0,INDEX($O$43:$O$163,MATCH(-X14,$A$43:$A$163,0)),INDEX($I$43:$I$163,MATCH(X14,$A$43:$A$163,0))) -> 11.776901 | AB14: 0
A15: Usable length max (with overtravel margin) | B15: =B13-Inputs!$B$34 -> 372.47903 | C15: mm | X15: -10 | Y15: =IF(X15<0,INDEX($N$43:$N$163,MATCH(-X15,$A$43:$A$163,0)),INDEX($H$43:$H$163,MATCH(X15,$A$43:$A$163,0))) -> 291.8 | Z15: =Inputs!$B$38 -> 350 | AA15: =IF(X15<0,INDEX($O$43:$O$163,MATCH(-X15,$A$43:$A$163,0)),INDEX($I$43:$I$163,MATCH(X15,$A$43:$A$163,0))) -> 12.432307 | AB15: 0
A16: Body length from rear pin | B16: =B12-Inputs!$B$36 -> 257.08952 | C16: mm | X16: -9.5 | Y16: =IF(X16<0,INDEX($N$43:$N$163,MATCH(-X16,$A$43:$A$163,0)),INDEX($H$43:$H$163,MATCH(X16,$A$43:$A$163,0))) -> 291.8 | Z16: =Inputs!$B$38 -> 350 | AA16: =IF(X16<0,INDEX($O$43:$O$163,MATCH(-X16,$A$43:$A$163,0)),INDEX($I$43:$I$163,MATCH(X16,$A$43:$A$163,0))) -> 13.086957 | AB16: 0
X17: -9 | Y17: =IF(X17<0,INDEX($N$43:$N$163,MATCH(-X17,$A$43:$A$163,0)),INDEX($H$43:$H$163,MATCH(X17,$A$43:$A$163,0))) -> 291.8 | Z17: =Inputs!$B$38 -> 350 | AA17: =IF(X17<0,INDEX($O$43:$O$163,MATCH(-X17,$A$43:$A$163,0)),INDEX($I$43:$I$163,MATCH(X17,$A$43:$A$163,0))) -> 13.740842 | AB17: 0
A18: Max achievable angle | B18: Value | C18: Unit | X18: -8.5 | Y18: =IF(X18<0,INDEX($N$43:$N$163,MATCH(-X18,$A$43:$A$163,0)),INDEX($H$43:$H$163,MATCH(X18,$A$43:$A$163,0))) -> 291.8 | Z18: =Inputs!$B$38 -> 350 | AA18: =IF(X18<0,INDEX($O$43:$O$163,MATCH(-X18,$A$43:$A$163,0)),INDEX($I$43:$I$163,MATCH(X18,$A$43:$A$163,0))) -> 14.393952 | AB18: 0
A19: Max angle, positive direction | B19: {=IF(IFERROR(MATCH(0,$J$43:$J$163,0),0)=0,30,IF(IFERROR(MATCH(0,$J$43:$J$163,0),0)=1,0,INDEX($A$43:$A$163,IFERROR(MATCH(0,$J$43:$J$163,0),0)-1)))} -> 10.75 | C19: deg | X19: -8 | Y19: =IF(X19<0,INDEX($N$43:$N$163,MATCH(-X19,$A$43:$A$163,0)),INDEX($H$43:$H$163,MATCH(X19,$A$43:$A$163,0))) -> 291.8 | Z19: =Inputs!$B$38 -> 350 | AA19: =IF(X19<0,INDEX($O$43:$O$163,MATCH(-X19,$A$43:$A$163,0)),INDEX($I$43:$I$163,MATCH(X19,$A$43:$A$163,0))) -> 15.046276 | AB19: 0
A20: limited by | B20: {=IF(IFERROR(MATCH(0,$J$43:$J$163,0),0)=0,"none within 30°",IF(INDEX($G$43:$G$163,IFERROR(MATCH(0,$J$43:$J$163,0),0))<$B$14,"actuator fully retracted",IF(INDEX($G$43:$G$163,IFERROR(MATCH(0,$J$43:$J$163,0),0))>$B$15,"actuator fully extended",IF(INDEX($H$43:$H$163,IFERROR(MATCH(0,$J$43:$J$163,0),0))>Inputs!$B$38,"actuator past 6 in",IF(INDEX($I$43:$I$163,IFERROR(MATCH(0,$J$43:$J$163,0),0))<0,"actuator hits chamber","chamber/nozzle past 6 in")))))} -> actuator fully retracted | X20: -7.5 | Y20: =IF(X20<0,INDEX($N$43:$N$163,MATCH(-X20,$A$43:$A$163,0)),INDEX($H$43:$H$163,MATCH(X20,$A$43:$A$163,0))) -> 291.8 | Z20: =Inputs!$B$38 -> 350 | AA20: =IF(X20<0,INDEX($O$43:$O$163,MATCH(-X20,$A$43:$A$163,0)),INDEX($I$43:$I$163,MATCH(X20,$A$43:$A$163,0))) -> 15.697805 | AB20: 0
A21: Max angle, negative direction | B21: {=IF(IFERROR(MATCH(0,$P$43:$P$163,0),0)=0,30,IF(IFERROR(MATCH(0,$P$43:$P$163,0),0)=1,0,INDEX($A$43:$A$163,IFERROR(MATCH(0,$P$43:$P$163,0),0)-1)))} -> 12 | C21: deg | X21: -7 | Y21: =IF(X21<0,INDEX($N$43:$N$163,MATCH(-X21,$A$43:$A$163,0)),INDEX($H$43:$H$163,MATCH(X21,$A$43:$A$163,0))) -> 291.8 | Z21: =Inputs!$B$38 -> 350 | AA21: =IF(X21<0,INDEX($O$43:$O$163,MATCH(-X21,$A$43:$A$163,0)),INDEX($I$43:$I$163,MATCH(X21,$A$43:$A$163,0))) -> 16.348529 | AB21: 0
A22: limited by | B22: {=IF(IFERROR(MATCH(0,$P$43:$P$163,0),0)=0,"none within 30°",IF(INDEX($M$43:$M$163,IFERROR(MATCH(0,$P$43:$P$163,0),0))<$B$14,"actuator fully retracted",IF(INDEX($M$43:$M$163,IFERROR(MATCH(0,$P$43:$P$163,0),0))>$B$15,"actuator fully extended",IF(INDEX($N$43:$N$163,IFERROR(MATCH(0,$P$43:$P$163,0),0))>Inputs!$B$38,"actuator past 6 in",IF(INDEX($O$43:$O$163,IFERROR(MATCH(0,$P$43:$P$163,0),0))<0,"actuator hits chamber","chamber/nozzle past 6 in")))))} -> actuator fully extended | X22: -6.5 | Y22: =IF(X22<0,INDEX($N$43:$N$163,MATCH(-X22,$A$43:$A$163,0)),INDEX($H$43:$H$163,MATCH(X22,$A$43:$A$163,0))) -> 291.8 | Z22: =Inputs!$B$38 -> 350 | AA22: =IF(X22<0,INDEX($O$43:$O$163,MATCH(-X22,$A$43:$A$163,0)),INDEX($I$43:$I$163,MATCH(X22,$A$43:$A$163,0))) -> 16.998438 | AB22: 0
A23: Max symmetric angle (±) | B23: =MIN(B19,B21) -> 10.75 | C23: deg | X23: -6 | Y23: =IF(X23<0,INDEX($N$43:$N$163,MATCH(-X23,$A$43:$A$163,0)),INDEX($H$43:$H$163,MATCH(X23,$A$43:$A$163,0))) -> 291.8 | Z23: =Inputs!$B$38 -> 350 | AA23: =IF(X23<0,INDEX($O$43:$O$163,MATCH(-X23,$A$43:$A$163,0)),INDEX($I$43:$I$163,MATCH(X23,$A$43:$A$163,0))) -> 17.647523 | AB23: 0
X24: -5.5 | Y24: =IF(X24<0,INDEX($N$43:$N$163,MATCH(-X24,$A$43:$A$163,0)),INDEX($H$43:$H$163,MATCH(X24,$A$43:$A$163,0))) -> 291.8 | Z24: =Inputs!$B$38 -> 350 | AA24: =IF(X24<0,INDEX($O$43:$O$163,MATCH(-X24,$A$43:$A$163,0)),INDEX($I$43:$I$163,MATCH(X24,$A$43:$A$163,0))) -> 18.295773 | AB24: 0
A25: Validation check | B25: Design value | C25: Requirement | D25: Status | X25: -5 | Y25: =IF(X25<0,INDEX($N$43:$N$163,MATCH(-X25,$A$43:$A$163,0)),INDEX($H$43:$H$163,MATCH(X25,$A$43:$A$163,0))) -> 291.8 | Z25: =Inputs!$B$38 -> 350 | AA25: =IF(X25<0,INDEX($O$43:$O$163,MATCH(-X25,$A$43:$A$163,0)),INDEX($I$43:$I$163,MATCH(X25,$A$43:$A$163,0))) -> 18.943178 | AB25: 0
A26: Neutral length inside actuator travel | B26: =B10 -> 337.28427 | C26: =TEXT(B14,"0.0")&" – "&TEXT(B15,"0.0") -> 302.1 – 372.5 | D26: =IF(AND(B26>=B14,B26<=B15),"OK","FAIL") -> OK | X26: -4.5 | Y26: =IF(X26<0,INDEX($N$43:$N$163,MATCH(-X26,$A$43:$A$163,0)),INDEX($H$43:$H$163,MATCH(X26,$A$43:$A$163,0))) -> 291.8 | Z26: =Inputs!$B$38 -> 350 | AA26: =IF(X26<0,INDEX($O$43:$O$163,MATCH(-X26,$A$43:$A$163,0)),INDEX($I$43:$I$163,MATCH(X26,$A$43:$A$163,0))) -> 19.58973 | AB26: 0
A27: Max symmetric angle ≥ required | B27: =B23 -> 10.75 | C27: =Inputs!$B$13 -> 10 | D27: =IF(B27>=C27,"OK","FAIL") -> OK | X27: -4 | Y27: =IF(X27<0,INDEX($N$43:$N$163,MATCH(-X27,$A$43:$A$163,0)),INDEX($H$43:$H$163,MATCH(X27,$A$43:$A$163,0))) -> 291.8 | Z27: =Inputs!$B$38 -> 350 | AA27: =IF(X27<0,INDEX($O$43:$O$163,MATCH(-X27,$A$43:$A$163,0)),INDEX($I$43:$I$163,MATCH(X27,$A$43:$A$163,0))) -> 20.235418 | AB27: 0
A28: Continuous thrust ≥ running force × margin (N) | B28: {=INDEX(Actuators!$B$2:$B$20,MATCH(Inputs!$B$32,Actuators!$A$2:$A$20,0))*1000} -> 2000 | C28: =Loads!B34 -> 1063.4512 | D28: =IF(B28>=C28,"OK","FAIL") -> OK | X28: -3.5 | Y28: =IF(X28<0,INDEX($N$43:$N$163,MATCH(-X28,$A$43:$A$163,0)),INDEX($H$43:$H$163,MATCH(X28,$A$43:$A$163,0))) -> 291.8 | Z28: =Inputs!$B$38 -> 350 | AA28: =IF(X28<0,INDEX($O$43:$O$163,MATCH(-X28,$A$43:$A$163,0)),INDEX($I$43:$I$163,MATCH(X28,$A$43:$A$163,0))) -> 20.880234 | AB28: 0
A29: Peak thrust ≥ holding force × margin (N) | B29: {=INDEX(Actuators!$C$2:$C$20,MATCH(Inputs!$B$32,Actuators!$A$2:$A$20,0))*1000} -> 6010 | C29: =Loads!B35 -> 3158.1329 | D29: =IF(B29>=C29,"OK","FAIL") -> OK | X29: -3 | Y29: =IF(X29<0,INDEX($N$43:$N$163,MATCH(-X29,$A$43:$A$163,0)),INDEX($H$43:$H$163,MATCH(X29,$A$43:$A$163,0))) -> 291.8 | Z29: =Inputs!$B$38 -> 350 | AA29: =IF(X29<0,INDEX($O$43:$O$163,MATCH(-X29,$A$43:$A$163,0)),INDEX($I$43:$I$163,MATCH(X29,$A$43:$A$163,0))) -> 21.524166 | AB29: 0
A30: Max speed ≥ required (mm/s) | B30: {=INDEX(Actuators!$D$2:$D$20,MATCH(Inputs!$B$32,Actuators!$A$2:$A$20,0))} -> 244 | C30: =Geometry!B21 -> 66.31272 | D30: =IF(B30>=C30,"OK","FAIL") -> OK | X30: -2.5 | Y30: =IF(X30<0,INDEX($N$43:$N$163,MATCH(-X30,$A$43:$A$163,0)),INDEX($H$43:$H$163,MATCH(X30,$A$43:$A$163,0))) -> 291.8 | Z30: =Inputs!$B$38 -> 350 | AA30: =IF(X30<0,INDEX($O$43:$O$163,MATCH(-X30,$A$43:$A$163,0)),INDEX($I$43:$I$163,MATCH(X30,$A$43:$A$163,0))) -> 22.167207 | AB30: 0
A31: Actuator envelope at neutral ≤ 6 in (mm) | B31: =H43 -> 291.8 | C31: =Inputs!$B$38 -> 350 | D31: =IF(B31<=C31,"OK","FAIL") -> OK | X31: -2 | Y31: =IF(X31<0,INDEX($N$43:$N$163,MATCH(-X31,$A$43:$A$163,0)),INDEX($H$43:$H$163,MATCH(X31,$A$43:$A$163,0))) -> 291.8 | Z31: =Inputs!$B$38 -> 350 | AA31: =IF(X31<0,INDEX($O$43:$O$163,MATCH(-X31,$A$43:$A$163,0)),INDEX($I$43:$I$163,MATCH(X31,$A$43:$A$163,0))) -> 22.809346 | AB31: 0
A32: Clearance margin to chamber at neutral (mm) | B32: =I43 -> 25.368703 | C32: 0 | D32: =IF(B32>=C32,"OK","FAIL") -> OK | X32: -1.5 | Y32: =IF(X32<0,INDEX($N$43:$N$163,MATCH(-X32,$A$43:$A$163,0)),INDEX($H$43:$H$163,MATCH(X32,$A$43:$A$163,0))) -> 291.8 | Z32: =Inputs!$B$38 -> 350 | AA32: =IF(X32<0,INDEX($O$43:$O$163,MATCH(-X32,$A$43:$A$163,0)),INDEX($I$43:$I$163,MATCH(X32,$A$43:$A$163,0))) -> 23.450575 | AB32: 0
A33: Chamber / nozzle radius at required angle ≤ 6 in (mm) | B33: {=INDEX($C$43:$C$163,MATCH(Inputs!$B$13,$A$43:$A$163,1))} -> 147.02952 | C33: =Inputs!$B$38 -> 350 | D33: =IF(B33<=C33,"OK","FAIL") -> OK | X33: -1 | Y33: =IF(X33<0,INDEX($N$43:$N$163,MATCH(-X33,$A$43:$A$163,0)),INDEX($H$43:$H$163,MATCH(X33,$A$43:$A$163,0))) -> 291.8 | Z33: =Inputs!$B$38 -> 350 | AA33: =IF(X33<0,INDEX($O$43:$O$163,MATCH(-X33,$A$43:$A$163,0)),INDEX($I$43:$I$163,MATCH(X33,$A$43:$A$163,0))) -> 24.090883 | AB33: 0
A34: OVERALL | D34: =IF(COUNTIF(D26:D33,"FAIL")=0,"PASS","FAIL") -> PASS | X34: -0.5 | Y34: =IF(X34<0,INDEX($N$43:$N$163,MATCH(-X34,$A$43:$A$163,0)),INDEX($H$43:$H$163,MATCH(X34,$A$43:$A$163,0))) -> 291.8 | Z34: =Inputs!$B$38 -> 350 | AA34: =IF(X34<0,INDEX($O$43:$O$163,MATCH(-X34,$A$43:$A$163,0)),INDEX($I$43:$I$163,MATCH(X34,$A$43:$A$163,0))) -> 24.730262 | AB34: 0
X35: 0 | Y35: =IF(X35<0,INDEX($N$43:$N$163,MATCH(-X35,$A$43:$A$163,0)),INDEX($H$43:$H$163,MATCH(X35,$A$43:$A$163,0))) -> 291.8 | Z35: =Inputs!$B$38 -> 350 | AA35: =IF(X35<0,INDEX($O$43:$O$163,MATCH(-X35,$A$43:$A$163,0)),INDEX($I$43:$I$163,MATCH(X35,$A$43:$A$163,0))) -> 25.368703 | AB35: 0
A36: Clearance margin = distance from each chamber profile point to the actuator body (or rod, past the body) minus half-width and min clearance. Negative = interference. | X36: 0.5 | Y36: =IF(X36<0,INDEX($N$43:$N$163,MATCH(-X36,$A$43:$A$163,0)),INDEX($H$43:$H$163,MATCH(X36,$A$43:$A$163,0))) -> 291.8 | Z36: =Inputs!$B$38 -> 350 | AA36: =IF(X36<0,INDEX($O$43:$O$163,MATCH(-X36,$A$43:$A$163,0)),INDEX($I$43:$I$163,MATCH(X36,$A$43:$A$163,0))) -> 26.006196 | AB36: 0
A37: Envelope = outermost of the body (rear pin to body end, ± width/2) and the rod eye head at the chamber pin. | X37: 1 | Y37: =IF(X37<0,INDEX($N$43:$N$163,MATCH(-X37,$A$43:$A$163,0)),INDEX($H$43:$H$163,MATCH(X37,$A$43:$A$163,0))) -> 291.8 | Z37: =Inputs!$B$38 -> 350 | AA37: =IF(X37<0,INDEX($O$43:$O$163,MATCH(-X37,$A$43:$A$163,0)),INDEX($I$43:$I$163,MATCH(X37,$A$43:$A$163,0))) -> 26.642732 | AB37: 0
A38: Per-axis only. With both axes at max, total tilt is ~1.41× larger — check nozzle swing at that angle too. | X38: 1.5 | Y38: =IF(X38<0,INDEX($N$43:$N$163,MATCH(-X38,$A$43:$A$163,0)),INDEX($H$43:$H$163,MATCH(X38,$A$43:$A$163,0))) -> 291.8 | Z38: =Inputs!$B$38 -> 350 | AA38: =IF(X38<0,INDEX($O$43:$O$163,MATCH(-X38,$A$43:$A$163,0)),INDEX($I$43:$I$163,MATCH(X38,$A$43:$A$163,0))) -> 27.278303 | AB38: 0
X39: 2 | Y39: =IF(X39<0,INDEX($N$43:$N$163,MATCH(-X39,$A$43:$A$163,0)),INDEX($H$43:$H$163,MATCH(X39,$A$43:$A$163,0))) -> 291.8 | Z39: =Inputs!$B$38 -> 350 | AA39: =IF(X39<0,INDEX($O$43:$O$163,MATCH(-X39,$A$43:$A$163,0)),INDEX($I$43:$I$163,MATCH(X39,$A$43:$A$163,0))) -> 27.912898 | AB39: 0
X40: 2.5 | Y40: =IF(X40<0,INDEX($N$43:$N$163,MATCH(-X40,$A$43:$A$163,0)),INDEX($H$43:$H$163,MATCH(X40,$A$43:$A$163,0))) -> 291.8 | Z40: =Inputs!$B$38 -> 350 | AA40: =IF(X40<0,INDEX($O$43:$O$163,MATCH(-X40,$A$43:$A$163,0)),INDEX($I$43:$I$163,MATCH(X40,$A$43:$A$163,0))) -> 28.54651 | AB40: 0
A41: Angle table (1 = all constraints OK) | X41: 3 | Y41: =IF(X41<0,INDEX($N$43:$N$163,MATCH(-X41,$A$43:$A$163,0)),INDEX($H$43:$H$163,MATCH(X41,$A$43:$A$163,0))) -> 291.8 | Z41: =Inputs!$B$38 -> 350 | AA41: =IF(X41<0,INDEX($O$43:$O$163,MATCH(-X41,$A$43:$A$163,0)),INDEX($I$43:$I$163,MATCH(X41,$A$43:$A$163,0))) -> 29.17913 | AB41: 0
A42: θ (deg) | B42: θ (rad) | C42: Chamber max radius | D42: Chamber OK | E42: +θ: pin x | F42: +θ: pin y | G42: +θ: L | H42: +θ: envelope | I42: +θ: clearance margin | J42: +θ: ALL OK | K42: −θ: pin x | L42: −θ: pin y | M42: −θ: L | N42: −θ: envelope | O42: −θ: clearance margin | P42: −θ: ALL OK | X42: 3.5 | Y42: =IF(X42<0,INDEX($N$43:$N$163,MATCH(-X42,$A$43:$A$163,0)),INDEX($H$43:$H$163,MATCH(X42,$A$43:$A$163,0))) -> 291.8 | Z42: =Inputs!$B$38 -> 350 | AA42: =IF(X42<0,INDEX($O$43:$O$163,MATCH(-X42,$A$43:$A$163,0)),INDEX($I$43:$I$163,MATCH(X42,$A$43:$A$163,0))) -> 29.810747 | AB42: 0
A43: 0 | B43: =RADIANS(A43) -> 0 | C43: =MAX(Inputs!$C$68*COS($B43)+Inputs!$B$68*ABS(SIN($B43)),Inputs!$C$69*COS($B43)+Inputs!$B$69*ABS(SIN($B43)),Inputs!$C$70*COS($B43)+Inputs!$B$70*ABS(SIN($B43)),Inputs!$C$71*COS($B43)+Inputs!$B$71*ABS(SIN($B43)),Inputs!$C$72*COS($B43)+Inputs!$B$72*ABS(SIN($B43))) -> 88.9 | D43: =IF(C43<=Inputs!$B$38,1,0) -> 1 | E43: =Inputs!$B$11*COS(($B43))-Inputs!$B$7*SIN(($B43)) -> 95.855 | F43: =Inputs!$B$11*SIN(($B43))+Inputs!$B$7*COS(($B43)) -> -200 | G43: =SQRT((E43-Inputs!$B$5)^2+(F43-Inputs!$B$6)^2) -> 337.28427 | H43: =MAX(MAX(Inputs!$B$5,(Inputs!$B$5+(E43-Inputs!$B$5)*MIN(1,$B$16/G43)))+$B$7/2,MAX((Inputs!$B$5+(E43-Inputs!$B$5)*MIN(1,$B$16/G43)),E43)+Inputs!$B$41) -> 291.8 | I43: =MIN(IF(OR(Inputs!$C$68=0,((((Inputs!$C$68*COS(($B43))+Inputs!$B$68*SIN(($B43)))-Inputs!$B$5)*(E43-Inputs!$B$5)+((Inputs!$C$68*SIN(($B43))-Inputs!$B$68*COS(($B43)))-Inputs!$B$6)*(F43-Inputs!$B$6))/G43)<0,((((Inputs!$C$68*COS(($B43))+Inputs!$B$68*SIN(($B43)))-Inputs!$B$5)*(E43-Inputs!$B$5)+((Inputs!$C$68*SIN(($B43))-Inputs!$B$68*COS(($B43)))-Inputs!$B$6)*(F43-Inputs!$B$6))/G43)>G43-Inputs!$B$40),999,(ABS((E43-Inputs!$B$5)*((Inputs!$C$68*SIN(($B43))-Inputs!$B$68*COS(($B43)))-Inputs!$B$6)-(F43-Inputs!$B$6)*((Inputs!$C$68*COS(($B43))+Inputs!$B$68*SIN(($B43)))-Inputs!$B$5))/G43)-IF(((((Inputs!$C$68*COS(($B43))+Inputs!$B$68*SIN(($B43)))-Inputs!$B$5)*(E43-Inputs!$B$5)+((Inputs!$C$68*SIN(($B43))-Inputs!$B$68*COS(($B43)))-Inputs!$B$6)*(F43-Inputs!$B$6))/G43)<$B$16,$B$7/2,$B$8/2)-Inputs!$B$39),IF(OR(Inputs!$C$69=0,((((Inputs!$C$69*COS(($B43))+Inputs!$B$69*SIN(($B43)))-Inputs!$B$5)*(E43-Inputs!$B$5)+((Inputs!$C$69*SIN(($B43))-Inputs!$B$69*COS(($B43)))-Inputs!$B$6)*(F43-Inputs!$B$6))/G43)<0,((((Inputs!$C$69*COS(($B43))+Inputs!$B$69*SIN(($B43)))-Inputs!$B$5)*(E43-Inputs!$B$5)+((Inputs!$C$69*SIN(($B43))-Inputs!$B$69*COS(($B43)))-Inputs!$B$6)*(F43-Inputs!$B$6))/G43)>G43-Inputs!$B$40),999,(ABS((E43-Inputs!$B$5)*((Inputs!$C$69*SIN(($B43))-Inputs!$B$69*COS(($B43)))-Inputs!$B$6)-(F43-Inputs!$B$6)*((Inputs!$C$69*COS(($B43))+Inputs!$B$69*SIN(($B43)))-Inputs!$B$5))/G43)-IF(((((Inputs!$C$69*COS(($B43))+Inputs!$B$69*SIN(($B43)))-Inputs!$B$5)*(E43-Inputs!$B$5)+((Inputs!$C$69*SIN(($B43))-Inputs!$B$69*COS(($B43)))-Inputs!$B$6)*(F43-Inputs!$B$6))/G43)<$B$16,$B$7/2,$B$8/2)-Inputs!$B$39),IF(OR(Inputs!$C$70=0,((((Inputs!$C$70*COS(($B43))+Inputs!$B$70*SIN(($B43)))-Inputs!$B$5)*(E43-Inputs!$B$5)+((Inputs!$C$70*SIN(($B43))-Inputs!$B$70*COS(($B43)))-Inputs!$B$6)*(F43-Inputs!$B$6))/G43)<0,((((Inputs!$C$70*COS(($B43))+Inputs!$B$70*SIN(($B43)))-Inputs!$B$5)*(E43-Inputs!$B$5)+((Inputs!$C$70*SIN(($B43))-Inputs!$B$70*COS(($B43)))-Inputs!$B$6)*(F43-Inputs!$B$6))/G43)>G43-Inputs!$B$40),999,(ABS((E43-Inputs!$B$5)*((Inputs!$C$70*SIN(($B43))-Inputs!$B$70*COS(($B43)))-Inputs!$B$6)-(F43-Inputs!$B$6)*((Inputs!$C$70*COS(($B43))+Inputs!$B$70*SIN(($B43)))-Inputs!$B$5))/G43)-IF(((((Inputs!$C$70*COS(($B43))+Inputs!$B$70*SIN(($B43)))-Inputs!$B$5)*(E43-Inputs!$B$5)+((Inputs!$C$70*SIN(($B43))-Inputs!$B$70*COS(($B43)))-Inputs!$B$6)*(F43-Inputs!$B$6))/G43)<$B$16,$B$7/2,$B$8/2)-Inputs!$B$39),IF(OR(Inputs!$C$71=0,((((Inputs!$C$71*COS(($B43))+Inputs!$B$71*SIN(($B43)))-Inputs!$B$5)*(E43-Inputs!$B$5)+((Inputs!$C$71*SIN(($B43))-Inputs!$B$71*COS(($B43)))-Inputs!$B$6)*(F43-Inputs!$B$6))/G43)<0,((((Inputs!$C$71*COS(($B43))+Inputs!$B$71*SIN(($B43)))-Inputs!$B$5)*(E43-Inputs!$B$5)+((Inputs!$C$71*SIN(($B43))-Inputs!$B$71*COS(($B43)))-Inputs!$B$6)*(F43-Inputs!$B$6))/G43)>G43-Inputs!$B$40),999,(ABS((E43-Inputs!$B$5)*((Inputs!$C$71*SIN(($B43))-Inputs!$B$71*COS(($B43)))-Inputs!$B$6)-(F43-Inputs!$B$6)*((Inputs!$C$71*COS(($B43))+Inputs!$B$71*SIN(($B43)))-Inputs!$B$5))/G43)-IF(((((Inputs!$C$71*COS(($B43))+Inputs!$B$71*SIN(($B43)))-Inputs!$B$5)*(E43-Inputs!$B$5)+((Inputs!$C$71*SIN(($B43))-Inputs!$B$71*COS(($B43)))-Inputs!$B$6)*(F43-Inputs!$B$6))/G43)<$B$16,$B$7/2,$B$8/2)-Inputs!$B$39),IF(OR(Inputs!$C$72=0,((((Inputs!$C$72*COS(($B43))+Inputs!$B$72*SIN(($B43)))-Inputs!$B$5)*(E43-Inputs!$B$5)+((Inputs!$C$72*SIN(($B43))-Inputs!$B$72*COS(($B43)))-Inputs!$B$6)*(F43-Inputs!$B$6))/G43)<0,((((Inputs!$C$72*COS(($B43))+Inputs!$B$72*SIN(($B43)))-Inputs!$B$5)*(E43-Inputs!$B$5)+((Inputs!$C$72*SIN(($B43))-Inputs!$B$72*COS(($B43)))-Inputs!$B$6)*(F43-Inputs!$B$6))/G43)>G43-Inputs!$B$40),999,(ABS((E43-Inputs!$B$5)*((Inputs!$C$72*SIN(($B43))-Inputs!$B$72*COS(($B43)))-Inputs!$B$6)-(F43-Inputs!$B$6)*((Inputs!$C$72*COS(($B43))+Inputs!$B$72*SIN(($B43)))-Inputs!$B$5))/G43)-IF(((((Inputs!$C$72*COS(($B43))+Inputs!$B$72*SIN(($B43)))-Inputs!$B$5)*(E43-Inputs!$B$5)+((Inputs!$C$72*SIN(($B43))-Inputs!$B$72*COS(($B43)))-Inputs!$B$6)*(F43-Inputs!$B$6))/G43)<$B$16,$B$7/2,$B$8/2)-Inputs!$B$39)) -> 25.368703 | J43: =IF(AND(G43>=$B$14,G43<=$B$15,H43<=Inputs!$B$38,I43>=0,$D43=1),1,0) -> 1 | K43: =Inputs!$B$11*COS((-$B43))-Inputs!$B$7*SIN((-$B43)) -> 95.855 | L43: =Inputs!$B$11*SIN((-$B43))+Inputs!$B$7*COS((-$B43)) -> -200 | M43: =SQRT((K43-Inputs!$B$5)^2+(L43-Inputs!$B$6)^2) -> 337.28427 | N43: =MAX(MAX(Inputs!$B$5,(Inputs!$B$5+(K43-Inputs!$B$5)*MIN(1,$B$16/M43)))+$B$7/2,MAX((Inputs!$B$5+(K43-Inputs!$B$5)*MIN(1,$B$16/M43)),K43)+Inputs!$B$41) -> 291.8 | O43: =MIN(IF(OR(Inputs!$C$68=0,((((Inputs!$C$68*COS((-$B43))+Inputs!$B$68*SIN((-$B43)))-Inputs!$B$5)*(K43-Inputs!$B$5)+((Inputs!$C$68*SIN((-$B43))-Inputs!$B$68*COS((-$B43)))-Inputs!$B$6)*(L43-Inputs!$B$6))/M43)<0,((((Inputs!$C$68*COS((-$B43))+Inputs!$B$68*SIN((-$B43)))-Inputs!$B$5)*(K43-Inputs!$B$5)+((Inputs!$C$68*SIN((-$B43))-Inputs!$B$68*COS((-$B43)))-Inputs!$B$6)*(L43-Inputs!$B$6))/M43)>M43-Inputs!$B$40),999,(ABS((K43-Inputs!$B$5)*((Inputs!$C$68*SIN((-$B43))-Inputs!$B$68*COS((-$B43)))-Inputs!$B$6)-(L43-Inputs!$B$6)*((Inputs!$C$68*COS((-$B43))+Inputs!$B$68*SIN((-$B43)))-Inputs!$B$5))/M43)-IF(((((Inputs!$C$68*COS((-$B43))+Inputs!$B$68*SIN((-$B43)))-Inputs!$B$5)*(K43-Inputs!$B$5)+((Inputs!$C$68*SIN((-$B43))-Inputs!$B$68*COS((-$B43)))-Inputs!$B$6)*(L43-Inputs!$B$6))/M43)<$B$16,$B$7/2,$B$8/2)-Inputs!$B$39),IF(OR(Inputs!$C$69=0,((((Inputs!$C$69*COS((-$B43))+Inputs!$B$69*SIN((-$B43)))-Inputs!$B$5)*(K43-Inputs!$B$5)+((Inputs!$C$69*SIN((-$B43))-Inputs!$B$69*COS((-$B43)))-Inputs!$B$6)*(L43-Inputs!$B$6))/M43)<0,((((Inputs!$C$69*COS((-$B43))+Inputs!$B$69*SIN((-$B43)))-Inputs!$B$5)*(K43-Inputs!$B$5)+((Inputs!$C$69*SIN((-$B43))-Inputs!$B$69*COS((-$B43)))-Inputs!$B$6)*(L43-Inputs!$B$6))/M43)>M43-Inputs!$B$40),999,(ABS((K43-Inputs!$B$5)*((Inputs!$C$69*SIN((-$B43))-Inputs!$B$69*COS((-$B43)))-Inputs!$B$6)-(L43-Inputs!$B$6)*((Inputs!$C$69*COS((-$B43))+Inputs!$B$69*SIN((-$B43)))-Inputs!$B$5))/M43)-IF(((((Inputs!$C$69*COS((-$B43))+Inputs!$B$69*SIN((-$B43)))-Inputs!$B$5)*(K43-Inputs!$B$5)+((Inputs!$C$69*SIN((-$B43))-Inputs!$B$69*COS((-$B43)))-Inputs!$B$6)*(L43-Inputs!$B$6))/M43)<$B$16,$B$7/2,$B$8/2)-Inputs!$B$39),IF(OR(Inputs!$C$70=0,((((Inputs!$C$70*COS((-$B43))+Inputs!$B$70*SIN((-$B43)))-Inputs!$B$5)*(K43-Inputs!$B$5)+((Inputs!$C$70*SIN((-$B43))-Inputs!$B$70*COS((-$B43)))-Inputs!$B$6)*(L43-Inputs!$B$6))/M43)<0,((((Inputs!$C$70*COS((-$B43))+Inputs!$B$70*SIN((-$B43)))-Inputs!$B$5)*(K43-Inputs!$B$5)+((Inputs!$C$70*SIN((-$B43))-Inputs!$B$70*COS((-$B43)))-Inputs!$B$6)*(L43-Inputs!$B$6))/M43)>M43-Inputs!$B$40),999,(ABS((K43-Inputs!$B$5)*((Inputs!$C$70*SIN((-$B43))-Inputs!$B$70*COS((-$B43)))-Inputs!$B$6)-(L43-Inputs!$B$6)*((Inputs!$C$70*COS((-$B43))+Inputs!$B$70*SIN((-$B43)))-Inputs!$B$5))/M43)-IF(((((Inputs!$C$70*COS((-$B43))+Inputs!$B$70*SIN((-$B43)))-Inputs!$B$5)*(K43-Inputs!$B$5)+((Inputs!$C$70*SIN((-$B43))-Inputs!$B$70*COS((-$B43)))-Inputs!$B$6)*(L43-Inputs!$B$6))/M43)<$B$16,$B$7/2,$B$8/2)-Inputs!$B$39),IF(OR(Inputs!$C$71=0,((((Inputs!$C$71*COS((-$B43))+Inputs!$B$71*SIN((-$B43)))-Inputs!$B$5)*(K43-Inputs!$B$5)+((Inputs!$C$71*SIN((-$B43))-Inputs!$B$71*COS((-$B43)))-Inputs!$B$6)*(L43-Inputs!$B$6))/M43)<0,((((Inputs!$C$71*COS((-$B43))+Inputs!$B$71*SIN((-$B43)))-Inputs!$B$5)*(K43-Inputs!$B$5)+((Inputs!$C$71*SIN((-$B43))-Inputs!$B$71*COS((-$B43)))-Inputs!$B$6)*(L43-Inputs!$B$6))/M43)>M43-Inputs!$B$40),999,(ABS((K43-Inputs!$B$5)*((Inputs!$C$71*SIN((-$B43))-Inputs!$B$71*COS((-$B43)))-Inputs!$B$6)-(L43-Inputs!$B$6)*((Inputs!$C$71*COS((-$B43))+Inputs!$B$71*SIN((-$B43)))-Inputs!$B$5))/M43)-IF(((((Inputs!$C$71*COS((-$B43))+Inputs!$B$71*SIN((-$B43)))-Inputs!$B$5)*(K43-Inputs!$B$5)+((Inputs!$C$71*SIN((-$B43))-Inputs!$B$71*COS((-$B43)))-Inputs!$B$6)*(L43-Inputs!$B$6))/M43)<$B$16,$B$7/2,$B$8/2)-Inputs!$B$39),IF(OR(Inputs!$C$72=0,((((Inputs!$C$72*COS((-$B43))+Inputs!$B$72*SIN((-$B43)))-Inputs!$B$5)*(K43-Inputs!$B$5)+((Inputs!$C$72*SIN((-$B43))-Inputs!$B$72*COS((-$B43)))-Inputs!$B$6)*(L43-Inputs!$B$6))/M43)<0,((((Inputs!$C$72*COS((-$B43))+Inputs!$B$72*SIN((-$B43)))-Inputs!$B$5)*(K43-Inputs!$B$5)+((Inputs!$C$72*SIN((-$B43))-Inputs!$B$72*COS((-$B43)))-Inputs!$B$6)*(L43-Inputs!$B$6))/M43)>M43-Inputs!$B$40),999,(ABS((K43-Inputs!$B$5)*((Inputs!$C$72*SIN((-$B43))-Inputs!$B$72*COS((-$B43)))-Inputs!$B$6)-(L43-Inputs!$B$6)*((Inputs!$C$72*COS((-$B43))+Inputs!$B$72*SIN((-$B43)))-Inputs!$B$5))/M43)-IF(((((Inputs!$C$72*COS((-$B43))+Inputs!$B$72*SIN((-$B43)))-Inputs!$B$5)*(K43-Inputs!$B$5)+((Inputs!$C$72*SIN((-$B43))-Inputs!$B$72*COS((-$B43)))-Inputs!$B$6)*(L43-Inputs!$B$6))/M43)<$B$16,$B$7/2,$B$8/2)-Inputs!$B$39)) -> 25.368703 | P43: =IF(AND(M43>=$B$14,M43<=$B$15,N43<=Inputs!$B$38,O43>=0,$D43=1),1,0) -> 1 | X43: 4 | Y43: =IF(X43<0,INDEX($N$43:$N$163,MATCH(-X43,$A$43:$A$163,0)),INDEX($H$43:$H$163,MATCH(X43,$A$43:$A$163,0))) -> 291.8 | Z43: =Inputs!$B$38 -> 350 | AA43: =IF(X43<0,INDEX($O$43:$O$163,MATCH(-X43,$A$43:$A$163,0)),INDEX($I$43:$I$163,MATCH(X43,$A$43:$A$163,0))) -> 30.441355 | AB43: 0
A44: 0.25 | B44: =RADIANS(A44) -> 0.0043633231 | C44: =MAX(Inputs!$C$68*COS($B44)+Inputs!$B$68*ABS(SIN($B44)),Inputs!$C$69*COS($B44)+Inputs!$B$69*ABS(SIN($B44)),Inputs!$C$70*COS($B44)+Inputs!$B$70*ABS(SIN($B44)),Inputs!$C$71*COS($B44)+Inputs!$B$71*ABS(SIN($B44)),Inputs!$C$72*COS($B44)+Inputs!$B$72*ABS(SIN($B44))) -> 89.160952 | D44: =IF(C44<=Inputs!$B$38,1,0) -> 1 | E44: =Inputs!$B$11*COS(($B44))-Inputs!$B$7*SIN(($B44)) -> 96.726749 | F44: =Inputs!$B$11*SIN(($B44))+Inputs!$B$7*COS(($B44)) -> -199.57985 | G44: =SQRT((E44-Inputs!$B$5)^2+(F44-Inputs!$B$6)^2) -> 336.51267 | H44: =MAX(MAX(Inputs!$B$5,(Inputs!$B$5+(E44-Inputs!$B$5)*MIN(1,$B$16/G44)))+$B$7/2,MAX((Inputs!$B$5+(E44-Inputs!$B$5)*MIN(1,$B$16/G44)),E44)+Inputs!$B$41) -> 291.8 | I44: =MIN(IF(OR(Inputs!$C$68=0,((((Inputs!$C$68*COS(($B44))+Inputs!$B$68*SIN(($B44)))-Inputs!$B$5)*(E44-Inputs!$B$5)+((Inputs!$C$68*SIN(($B44))-Inputs!$B$68*COS(($B44)))-Inputs!$B$6)*(F44-Inputs!$B$6))/G44)<0,((((Inputs!$C$68*COS(($B44))+Inputs!$B$68*SIN(($B44)))-Inputs!$B$5)*(E44-Inputs!$B$5)+((Inputs!$C$68*SIN(($B44))-Inputs!$B$68*COS(($B44)))-Inputs!$B$6)*(F44-Inputs!$B$6))/G44)>G44-Inputs!$B$40),999,(ABS((E44-Inputs!$B$5)*((Inputs!$C$68*SIN(($B44))-Inputs!$B$68*COS(($B44)))-Inputs!$B$6)-(F44-Inputs!$B$6)*((Inputs!$C$68*COS(($B44))+Inputs!$B$68*SIN(($B44)))-Inputs!$B$5))/G44)-IF(((((Inputs!$C$68*COS(($B44))+Inputs!$B$68*SIN(($B44)))-Inputs!$B$5)*(E44-Inputs!$B$5)+((Inputs!$C$68*SIN(($B44))-Inputs!$B$68*COS(($B44)))-Inputs!$B$6)*(F44-Inputs!$B$6))/G44)<$B$16,$B$7/2,$B$8/2)-Inputs!$B$39),IF(OR(Inputs!$C$69=0,((((Inputs!$C$69*COS(($B44))+Inputs!$B$69*SIN(($B44)))-Inputs!$B$5)*(E44-Inputs!$B$5)+((Inputs!$C$69*SIN(($B44))-Inputs!$B$69*COS(($B44)))-Inputs!$B$6)*(F44-Inputs!$B$6))/G44)<0,((((Inputs!$C$69*COS(($B44))+Inputs!$B$69*SIN(($B44)))-Inputs!$B$5)*(E44-Inputs!$B$5)+((Inputs!$C$69*SIN(($B44))-Inputs!$B$69*COS(($B44)))-Inputs!$B$6)*(F44-Inputs!$B$6))/G44)>G44-Inputs!$B$40),999,(ABS((E44-Inputs!$B$5)*((Inputs!$C$69*SIN(($B44))-Inputs!$B$69*COS(($B44)))-Inputs!$B$6)-(F44-Inputs!$B$6)*((Inputs!$C$69*COS(($B44))+Inputs!$B$69*SIN(($B44)))-Inputs!$B$5))/G44)-IF(((((Inputs!$C$69*COS(($B44))+Inputs!$B$69*SIN(($B44)))-Inputs!$B$5)*(E44-Inputs!$B$5)+((Inputs!$C$69*SIN(($B44))-Inputs!$B$69*COS(($B44)))-Inputs!$B$6)*(F44-Inputs!$B$6))/G44)<$B$16,$B$7/2,$B$8/2)-Inputs!$B$39),IF(OR(Inputs!$C$70=0,((((Inputs!$C$70*COS(($B44))+Inputs!$B$70*SIN(($B44)))-Inputs!$B$5)*(E44-Inputs!$B$5)+((Inputs!$C$70*SIN(($B44))-Inputs!$B$70*COS(($B44)))-Inputs!$B$6)*(F44-Inputs!$B$6))/G44)<0,((((Inputs!$C$70*COS(($B44))+Inputs!$B$70*SIN(($B44)))-Inputs!$B$5)*(E44-Inputs!$B$5)+((Inputs!$C$70*SIN(($B44))-Inputs!$B$70*COS(($B44)))-Inputs!$B$6)*(F44-Inputs!$B$6))/G44)>G44-Inputs!$B$40),999,(ABS((E44-Inputs!$B$5)*((Inputs!$C$70*SIN(($B44))-Inputs!$B$70*COS(($B44)))-Inputs!$B$6)-(F44-Inputs!$B$6)*((Inputs!$C$70*COS(($B44))+Inputs!$B$70*SIN(($B44)))-Inputs!$B$5))/G44)-IF(((((Inputs!$C$70*COS(($B44))+Inputs!$B$70*SIN(($B44)))-Inputs!$B$5)*(E44-Inputs!$B$5)+((Inputs!$C$70*SIN(($B44))-Inputs!$B$70*COS(($B44)))-Inputs!$B$6)*(F44-Inputs!$B$6))/G44)<$B$16,$B$7/2,$B$8/2)-Inputs!$B$39),IF(OR(Inputs!$C$71=0,((((Inputs!$C$71*COS(($B44))+Inputs!$B$71*SIN(($B44)))-Inputs!$B$5)*(E44-Inputs!$B$5)+((Inputs!$C$71*SIN(($B44))-Inputs!$B$71*COS(($B44)))-Inputs!$B$6)*(F44-Inputs!$B$6))/G44)<0,((((Inputs!$C$71*COS(($B44))+Inputs!$B$71*SIN(($B44)))-Inputs!$B$5)*(E44-Inputs!$B$5)+((Inputs!$C$71*SIN(($B44))-Inputs!$B$71*COS(($B44)))-Inputs!$B$6)*(F44-Inputs!$B$6))/G44)>G44-Inputs!$B$40),999,(ABS((E44-Inputs!$B$5)*((Inputs!$C$71*SIN(($B44))-Inputs!$B$71*COS(($B44)))-Inputs!$B$6)-(F44-Inputs!$B$6)*((Inputs!$C$71*COS(($B44))+Inputs!$B$71*SIN(($B44)))-Inputs!$B$5))/G44)-IF(((((Inputs!$C$71*COS(($B44))+Inputs!$B$71*SIN(($B44)))-Inputs!$B$5)*(E44-Inputs!$B$5)+((Inputs!$C$71*SIN(($B44))-Inputs!$B$71*COS(($B44)))-Inputs!$B$6)*(F44-Inputs!$B$6))/G44)<$B$16,$B$7/2,$B$8/2)-Inputs!$B$39),IF(OR(Inputs!$C$72=0,((((Inputs!$C$72*COS(($B44))+Inputs!$B$72*SIN(($B44)))-Inputs!$B$5)*(E44-Inputs!$B$5)+((Inputs!$C$72*SIN(($B44))-Inputs!$B$72*COS(($B44)))-Inputs!$B$6)*(F44-Inputs!$B$6))/G44)<0,((((Inputs!$C$72*COS(($B44))+Inputs!$B$72*SIN(($B44)))-Inputs!$B$5)*(E44-Inputs!$B$5)+((Inputs!$C$72*SIN(($B44))-Inputs!$B$72*COS(($B44)))-Inputs!$B$6)*(F44-Inputs!$B$6))/G44)>G44-Inputs!$B$40),999,(ABS((E44-Inputs!$B$5)*((Inputs!$C$72*SIN(($B44))-Inputs!$B$72*COS(($B44)))-Inputs!$B$6)-(F44-Inputs!$B$6)*((Inputs!$C$72*COS(($B44))+Inputs!$B$72*SIN(($B44)))-Inputs!$B$5))/G44)-IF(((((Inputs!$C$72*COS(($B44))+Inputs!$B$72*SIN(($B44)))-Inputs!$B$5)*(E44-Inputs!$B$5)+((Inputs!$C$72*SIN(($B44))-Inputs!$B$72*COS(($B44)))-Inputs!$B$6)*(F44-Inputs!$B$6))/G44)<$B$16,$B$7/2,$B$8/2)-Inputs!$B$39)) -> 25.687569 | J44: =IF(AND(G44>=$B$14,G44<=$B$15,H44<=Inputs!$B$38,I44>=0,$D44=1),1,0) -> 1 | K44: =Inputs!$B$11*COS((-$B44))-Inputs!$B$7*SIN((-$B44)) -> 94.981426 | L44: =Inputs!$B$11*SIN((-$B44))+Inputs!$B$7*COS((-$B44)) -> -200.41634 | M44: =SQRT((K44-Inputs!$B$5)^2+(L44-Inputs!$B$6)^2) -> 338.05434 | N44: =MAX(MAX(Inputs!$B$5,(Inputs!$B$5+(K44-Inputs!$B$5)*MIN(1,$B$16/M44)))+$B$7/2,MAX((Inputs!$B$5+(K44-Inputs!$B$5)*MIN(1,$B$16/M44)),K44)+Inputs!$B$41) -> 291.8 | O44: =MIN(IF(OR(Inputs!$C$68=0,((((Inputs!$C$68*COS((-$B44))+Inputs!$B$68*SIN((-$B44)))-Inputs!$B$5)*(K44-Inputs!$B$5)+((Inputs!$C$68*SIN((-$B44))-Inputs!$B$68*COS((-$B44)))-Inputs!$B$6)*(L44-Inputs!$B$6))/M44)<0,((((Inputs!$C$68*COS((-$B44))+Inputs!$B$68*SIN((-$B44)))-Inputs!$B$5)*(K44-Inputs!$B$5)+((Inputs!$C$68*SIN((-$B44))-Inputs!$B$68*COS((-$B44)))-Inputs!$B$6)*(L44-Inputs!$B$6))/M44)>M44-Inputs!$B$40),999,(ABS((K44-Inputs!$B$5)*((Inputs!$C$68*SIN((-$B44))-Inputs!$B$68*COS((-$B44)))-Inputs!$B$6)-(L44-Inputs!$B$6)*((Inputs!$C$68*COS((-$B44))+Inputs!$B$68*SIN((-$B44)))-Inputs!$B$5))/M44)-IF(((((Inputs!$C$68*COS((-$B44))+Inputs!$B$68*SIN((-$B44)))-Inputs!$B$5)*(K44-Inputs!$B$5)+((Inputs!$C$68*SIN((-$B44))-Inputs!$B$68*COS((-$B44)))-Inputs!$B$6)*(L44-Inputs!$B$6))/M44)<$B$16,$B$7/2,$B$8/2)-Inputs!$B$39),IF(OR(Inputs!$C$69=0,((((Inputs!$C$69*COS((-$B44))+Inputs!$B$69*SIN((-$B44)))-Inputs!$B$5)*(K44-Inputs!$B$5)+((Inputs!$C$69*SIN((-$B44))-Inputs!$B$69*COS((-$B44)))-Inputs!$B$6)*(L44-Inputs!$B$6))/M44)<0,((((Inputs!$C$69*COS((-$B44))+Inputs!$B$69*SIN((-$B44)))-Inputs!$B$5)*(K44-Inputs!$B$5)+((Inputs!$C$69*SIN((-$B44))-Inputs!$B$69*COS((-$B44)))-Inputs!$B$6)*(L44-Inputs!$B$6))/M44)>M44-Inputs!$B$40),999,(ABS((K44-Inputs!$B$5)*((Inputs!$C$69*SIN((-$B44))-Inputs!$B$69*COS((-$B44)))-Inputs!$B$6)-(L44-Inputs!$B$6)*((Inputs!$C$69*COS((-$B44))+Inputs!$B$69*SIN((-$B44)))-Inputs!$B$5))/M44)-IF(((((Inputs!$C$69*COS((-$B44))+Inputs!$B$69*SIN((-$B44)))-Inputs!$B$5)*(K44-Inputs!$B$5)+((Inputs!$C$69*SIN((-$B44))-Inputs!$B$69*COS((-$B44)))-Inputs!$B$6)*(L44-Inputs!$B$6))/M44)<$B$16,$B$7/2,$B$8/2)-Inputs!$B$39),IF(OR(Inputs!$C$70=0,((((Inputs!$C$70*COS((-$B44))+Inputs!$B$70*SIN((-$B44)))-Inputs!$B$5)*(K44-Inputs!$B$5)+((Inputs!$C$70*SIN((-$B44))-Inputs!$B$70*COS((-$B44)))-Inputs!$B$6)*(L44-Inputs!$B$6))/M44)<0,((((Inputs!$C$70*COS((-$B44))+Inputs!$B$70*SIN((-$B44)))-Inputs!$B$5)*(K44-Inputs!$B$5)+((Inputs!$C$70*SIN((-$B44))-Inputs!$B$70*COS((-$B44)))-Inputs!$B$6)*(L44-Inputs!$B$6))/M44)>M44-Inputs!$B$40),999,(ABS((K44-Inputs!$B$5)*((Inputs!$C$70*SIN((-$B44))-Inputs!$B$70*COS((-$B44)))-Inputs!$B$6)-(L44-Inputs!$B$6)*((Inputs!$C$70*COS((-$B44))+Inputs!$B$70*SIN((-$B44)))-Inputs!$B$5))/M44)-IF(((((Inputs!$C$70*COS((-$B44))+Inputs!$B$70*SIN((-$B44)))-Inputs!$B$5)*(K44-Inputs!$B$5)+((Inputs!$C$70*SIN((-$B44))-Inputs!$B$70*COS((-$B44)))-Inputs!$B$6)*(L44-Inputs!$B$6))/M44)<$B$16,$B$7/2,$B$8/2)-Inputs!$B$39),IF(OR(Inputs!$C$71=0,((((Inputs!$C$71*COS((-$B44))+Inputs!$B$71*SIN((-$B44)))-Inputs!$B$5)*(K44-Inputs!$B$5)+((Inputs!$C$71*SIN((-$B44))-Inputs!$B$71*COS((-$B44)))-Inputs!$B$6)*(L44-Inputs!$B$6))/M44)<0,((((Inputs!$C$71*COS((-$B44))+Inputs!$B$71*SIN((-$B44)))-Inputs!$B$5)*(K44-Inputs!$B$5)+((Inputs!$C$71*SIN((-$B44))-Inputs!$B$71*COS((-$B44)))-Inputs!$B$6)*(L44-Inputs!$B$6))/M44)>M44-Inputs!$B$40),999,(ABS((K44-Inputs!$B$5)*((Inputs!$C$71*SIN((-$B44))-Inputs!$B$71*COS((-$B44)))-Inputs!$B$6)-(L44-Inputs!$B$6)*((Inputs!$C$71*COS((-$B44))+Inputs!$B$71*SIN((-$B44)))-Inputs!$B$5))/M44)-IF(((((Inputs!$C$71*COS((-$B44))+Inputs!$B$71*SIN((-$B44)))-Inputs!$B$5)*(K44-Inputs!$B$5)+((Inputs!$C$71*SIN((-$B44))-Inputs!$B$71*COS((-$B44)))-Inputs!$B$6)*(L44-Inputs!$B$6))/M44)<$B$16,$B$7/2,$B$8/2)-Inputs!$B$39),IF(OR(Inputs!$C$72=0,((((Inputs!$C$72*COS((-$B44))+Inputs!$B$72*SIN((-$B44)))-Inputs!$B$5)*(K44-Inputs!$B$5)+((Inputs!$C$72*SIN((-$B44))-Inputs!$B$72*COS((-$B44)))-Inputs!$B$6)*(L44-Inputs!$B$6))/M44)<0,((((Inputs!$C$72*COS((-$B44))+Inputs!$B$72*SIN((-$B44)))-Inputs!$B$5)*(K44-Inputs!$B$5)+((Inputs!$C$72*SIN((-$B44))-Inputs!$B$72*COS((-$B44)))-Inputs!$B$6)*(L44-Inputs!$B$6))/M44)>M44-Inputs!$B$40),999,(ABS((K44-Inputs!$B$5)*((Inputs!$C$72*SIN((-$B44))-Inputs!$B$72*COS((-$B44)))-Inputs!$B$6)-(L44-Inputs!$B$6)*((Inputs!$C$72*COS((-$B44))+Inputs!$B$72*SIN((-$B44)))-Inputs!$B$5))/M44)-IF(((((Inputs!$C$72*COS((-$B44))+Inputs!$B$72*SIN((-$B44)))-Inputs!$B$5)*(K44-Inputs!$B$5)+((Inputs!$C$72*SIN((-$B44))-Inputs!$B$72*COS((-$B44)))-Inputs!$B$6)*(L44-Inputs!$B$6))/M44)<$B$16,$B$7/2,$B$8/2)-Inputs!$B$39)) -> 25.049601 | P44: =IF(AND(M44>=$B$14,M44<=$B$15,N44<=Inputs!$B$38,O44>=0,$D44=1),1,0) -> 1 | X44: 4.5 | Y44: =IF(X44<0,INDEX($N$43:$N$163,MATCH(-X44,$A$43:$A$163,0)),INDEX($H$43:$H$163,MATCH(X44,$A$43:$A$163,0))) -> 291.8 | Z44: =Inputs!$B$38 -> 350 | AA44: =IF(X44<0,INDEX($O$43:$O$163,MATCH(-X44,$A$43:$A$163,0)),INDEX($I$43:$I$163,MATCH(X44,$A$43:$A$163,0))) -> 31.070944 | AB44: 0
A45: 0.5 | B45: =RADIANS(A45) -> 0.0087266463 | C45: =MAX(Inputs!$C$68*COS($B45)+Inputs!$B$68*ABS(SIN($B45)),Inputs!$C$69*COS($B45)+Inputs!$B$69*ABS(SIN($B45)),Inputs!$C$70*COS($B45)+Inputs!$B$70*ABS(SIN($B45)),Inputs!$C$71*COS($B45)+Inputs!$B$71*ABS(SIN($B45)),Inputs!$C$72*COS($B45)+Inputs!$B$72*ABS(SIN($B45))) -> 89.420207 | D45: =IF(C45<=Inputs!$B$38,1,0) -> 1 | E45: =Inputs!$B$11*COS(($B45))-Inputs!$B$7*SIN(($B45)) -> 97.596657 | F45: =Inputs!$B$11*SIN(($B45))+Inputs!$B$7*COS(($B45)) -> -199.1559 | G45: =SQRT((E45-Inputs!$B$5)^2+(F45-Inputs!$B$6)^2) -> 335.73953 | H45: =MAX(MAX(Inputs!$B$5,(Inputs!$B$5+(E45-Inputs!$B$5)*MIN(1,$B$16/G45)))+$B$7/2,MAX((Inputs!$B$5+(E45-Inputs!$B$5)*MIN(1,$B$16/G45)),E45)+Inputs!$B$41) -> 291.8 | I45: =MIN(IF(OR(Inputs!$C$68=0,((((Inputs!$C$68*COS(($B45))+Inputs!$B$68*SIN(($B45)))-Inputs!$B$5)*(E45-Inputs!$B$5)+((Inputs!$C$68*SIN(($B45))-Inputs!$B$68*COS(($B45)))-Inputs!$B$6)*(F45-Inputs!$B$6))/G45)<0,((((Inputs!$C$68*COS(($B45))+Inputs!$B$68*SIN(($B45)))-Inputs!$B$5)*(E45-Inputs!$B$5)+((Inputs!$C$68*SIN(($B45))-Inputs!$B$68*COS(($B45)))-Inputs!$B$6)*(F45-Inputs!$B$6))/G45)>G45-Inputs!$B$40),999,(ABS((E45-Inputs!$B$5)*((Inputs!$C$68*SIN(($B45))-Inputs!$B$68*COS(($B45)))-Inputs!$B$6)-(F45-Inputs!$B$6)*((Inputs!$C$68*COS(($B45))+Inputs!$B$68*SIN(($B45)))-Inputs!$B$5))/G45)-IF(((((Inputs!$C$68*COS(($B45))+Inputs!$B$68*SIN(($B45)))-Inputs!$B$5)*(E45-Inputs!$B$5)+((Inputs!$C$68*SIN(($B45))-Inputs!$B$68*COS(($B45)))-Inputs!$B$6)*(F45-Inputs!$B$6))/G45)<$B$16,$B$7/2,$B$8/2)-Inputs!$B$39),IF(OR(Inputs!$C$69=0,((((Inputs!$C$69*COS(($B45))+Inputs!$B$69*SIN(($B45)))-Inputs!$B$5)*(E45-Inputs!$B$5)+((Inputs!$C$69*SIN(($B45))-Inputs!$B$69*COS(($B45)))-Inputs!$B$6)*(F45-Inputs!$B$6))/G45)<0,((((Inputs!$C$69*COS(($B45))+Inputs!$B$69*SIN(($B45)))-Inputs!$B$5)*(E45-Inputs!$B$5)+((Inputs!$C$69*SIN(($B45))-Inputs!$B$69*COS(($B45)))-Inputs!$B$6)*(F45-Inputs!$B$6))/G45)>G45-Inputs!$B$40),999,(ABS((E45-Inputs!$B$5)*((Inputs!$C$69*SIN(($B45))-Inputs!$B$69*COS(($B45)))-Inputs!$B$6)-(F45-Inputs!$B$6)*((Inputs!$C$69*COS(($B45))+Inputs!$B$69*SIN(($B45)))-Inputs!$B$5))/G45)-IF(((((Inputs!$C$69*COS(($B45))+Inputs!$B$69*SIN(($B45)))-Inputs!$B$5)*(E45-Inputs!$B$5)+((Inputs!$C$69*SIN(($B45))-Inputs!$B$69*COS(($B45)))-Inputs!$B$6)*(F45-Inputs!$B$6))/G45)<$B$16,$B$7/2,$B$8/2)-Inputs!$B$39),IF(OR(Inputs!$C$70=0,((((Inputs!$C$70*COS(($B45))+Inputs!$B$70*SIN(($B45)))-Inputs!$B$5)*(E45-Inputs!$B$5)+((Inputs!$C$70*SIN(($B45))-Inputs!$B$70*COS(($B45)))-Inputs!$B$6)*(F45-Inputs!$B$6))/G45)<0,((((Inputs!$C$70*COS(($B45))+Inputs!$B$70*SIN(($B45)))-Inputs!$B$5)*(E45-Inputs!$B$5)+((Inputs!$C$70*SIN(($B45))-Inputs!$B$70*COS(($B45)))-Inputs!$B$6)*(F45-Inputs!$B$6))/G45)>G45-Inputs!$B$40),999,(ABS((E45-Inputs!$B$5)*((Inputs!$C$70*SIN(($B45))-Inputs!$B$70*COS(($B45)))-Inputs!$B$6)-(F45-Inputs!$B$6)*((Inputs!$C$70*COS(($B45))+Inputs!$B$70*SIN(($B45)))-Inputs!$B$5))/G45)-IF(((((Inputs!$C$70*COS(($B45))+Inputs!$B$70*SIN(($B45)))-Inputs!$B$5)*(E45-Inputs!$B$5)+((Inputs!$C$70*SIN(($B45))-Inputs!$B$70*COS(($B45)))-Inputs!$B$6)*(F45-Inputs!$B$6))/G45)<$B$16,$B$7/2,$B$8/2)-Inputs!$B$39),IF(OR(Inputs!$C$71=0,((((Inputs!$C$71*COS(($B45))+Inputs!$B$71*SIN(($B45)))-Inputs!$B$5)*(E45-Inputs!$B$5)+((Inputs!$C$71*SIN(($B45))-Inputs!$B$71*COS(($B45)))-Inputs!$B$6)*(F45-Inputs!$B$6))/G45)<0,((((Inputs!$C$71*COS(($B45))+Inputs!$B$71*SIN(($B45)))-Inputs!$B$5)*(E45-Inputs!$B$5)+((Inputs!$C$71*SIN(($B45))-Inputs!$B$71*COS(($B45)))-Inputs!$B$6)*(F45-Inputs!$B$6))/G45)>G45-Inputs!$B$40),999,(ABS((E45-Inputs!$B$5)*((Inputs!$C$71*SIN(($B45))-Inputs!$B$71*COS(($B45)))-Inputs!$B$6)-(F45-Inputs!$B$6)*((Inputs!$C$71*COS(($B45))+Inputs!$B$71*SIN(($B45)))-Inputs!$B$5))/G45)-IF(((((Inputs!$C$71*COS(($B45))+Inputs!$B$71*SIN(($B45)))-Inputs!$B$5)*(E45-Inputs!$B$5)+((Inputs!$C$71*SIN(($B45))-Inputs!$B$71*COS(($B45)))-Inputs!$B$6)*(F45-Inputs!$B$6))/G45)<$B$16,$B$7/2,$B$8/2)-Inputs!$B$39),IF(OR(Inputs!$C$72=0,((((Inputs!$C$72*COS(($B45))+Inputs!$B$72*SIN(($B45)))-Inputs!$B$5)*(E45-Inputs!$B$5)+((Inputs!$C$72*SIN(($B45))-Inputs!$B$72*COS(($B45)))-Inputs!$B$6)*(F45-Inputs!$B$6))/G45)<0,((((Inputs!$C$72*COS(($B45))+Inputs!$B$72*SIN(($B45)))-Inputs!$B$5)*(E45-Inputs!$B$5)+((Inputs!$C$72*SIN(($B45))-Inputs!$B$72*COS(($B45)))-Inputs!$B$6)*(F45-Inputs!$B$6))/G45)>G45-Inputs!$B$40),999,(ABS((E45-Inputs!$B$5)*((Inputs!$C$72*SIN(($B45))-Inputs!$B$72*COS(($B45)))-Inputs!$B$6)-(F45-Inputs!$B$6)*((Inputs!$C$72*COS(($B45))+Inputs!$B$72*SIN(($B45)))-Inputs!$B$5))/G45)-IF(((((Inputs!$C$72*COS(($B45))+Inputs!$B$72*SIN(($B45)))-Inputs!$B$5)*(E45-Inputs!$B$5)+((Inputs!$C$72*SIN(($B45))-Inputs!$B$72*COS(($B45)))-Inputs!$B$6)*(F45-Inputs!$B$6))/G45)<$B$16,$B$7/2,$B$8/2)-Inputs!$B$39)) -> 26.006196 | J45: =IF(AND(G45>=$B$14,G45<=$B$15,H45<=Inputs!$B$38,I45>=0,$D45=1),1,0) -> 1 | K45: =Inputs!$B$11*COS((-$B45))-Inputs!$B$7*SIN((-$B45)) -> 94.106043 | L45: =Inputs!$B$11*SIN((-$B45))+Inputs!$B$7*COS((-$B45)) -> -200.82887 | M45: =SQRT((K45-Inputs!$B$5)^2+(L45-Inputs!$B$6)^2) -> 338.82286 | N45: =MAX(MAX(Inputs!$B$5,(Inputs!$B$5+(K45-Inputs!$B$5)*MIN(1,$B$16/M45)))+$B$7/2,MAX((Inputs!$B$5+(K45-Inputs!$B$5)*MIN(1,$B$16/M45)),K45)+Inputs!$B$41) -> 291.8 | O45: =MIN(IF(OR(Inputs!$C$68=0,((((Inputs!$C$68*COS((-$B45))+Inputs!$B$68*SIN((-$B45)))-Inputs!$B$5)*(K45-Inputs!$B$5)+((Inputs!$C$68*SIN((-$B45))-Inputs!$B$68*COS((-$B45)))-Inputs!$B$6)*(L45-Inputs!$B$6))/M45)<0,((((Inputs!$C$68*COS((-$B45))+Inputs!$B$68*SIN((-$B45)))-Inputs!$B$5)*(K45-Inputs!$B$5)+((Inputs!$C$68*SIN((-$B45))-Inputs!$B$68*COS((-$B45)))-Inputs!$B$6)*(L45-Inputs!$B$6))/M45)>M45-Inputs!$B$40),999,(ABS((K45-Inputs!$B$5)*((Inputs!$C$68*SIN((-$B45))-Inputs!$B$68*COS((-$B45)))-Inputs!$B$6)-(L45-Inputs!$B$6)*((Inputs!$C$68*COS((-$B45))+Inputs!$B$68*SIN((-$B45)))-Inputs!$B$5))/M45)-IF(((((Inputs!$C$68*COS((-$B45))+Inputs!$B$68*SIN((-$B45)))-Inputs!$B$5)*(K45-Inputs!$B$5)+((Inputs!$C$68*SIN((-$B45))-Inputs!$B$68*COS((-$B45)))-Inputs!$B$6)*(L45-Inputs!$B$6))/M45)<$B$16,$B$7/2,$B$8/2)-Inputs!$B$39),IF(OR(Inputs!$C$69=0,((((Inputs!$C$69*COS((-$B45))+Inputs!$B$69*SIN((-$B45)))-Inputs!$B$5)*(K45-Inputs!$B$5)+((Inputs!$C$69*SIN((-$B45))-Inputs!$B$69*COS((-$B45)))-Inputs!$B$6)*(L45-Inputs!$B$6))/M45)<0,((((Inputs!$C$69*COS((-$B45))+Inputs!$B$69*SIN((-$B45)))-Inputs!$B$5)*(K45-Inputs!$B$5)+((Inputs!$C$69*SIN((-$B45))-Inputs!$B$69*COS((-$B45)))-Inputs!$B$6)*(L45-Inputs!$B$6))/M45)>M45-Inputs!$B$40),999,(ABS((K45-Inputs!$B$5)*((Inputs!$C$69*SIN((-$B45))-Inputs!$B$69*COS((-$B45)))-Inputs!$B$6)-(L45-Inputs!$B$6)*((Inputs!$C$69*COS((-$B45))+Inputs!$B$69*SIN((-$B45)))-Inputs!$B$5))/M45)-IF(((((Inputs!$C$69*COS((-$B45))+Inputs!$B$69*SIN((-$B45)))-Inputs!$B$5)*(K45-Inputs!$B$5)+((Inputs!$C$69*SIN((-$B45))-Inputs!$B$69*COS((-$B45)))-Inputs!$B$6)*(L45-Inputs!$B$6))/M45)<$B$16,$B$7/2,$B$8/2)-Inputs!$B$39),IF(OR(Inputs!$C$70=0,((((Inputs!$C$70*COS((-$B45))+Inputs!$B$70*SIN((-$B45)))-Inputs!$B$5)*(K45-Inputs!$B$5)+((Inputs!$C$70*SIN((-$B45))-Inputs!$B$70*COS((-$B45)))-Inputs!$B$6)*(L45-Inputs!$B$6))/M45)<0,((((Inputs!$C$70*COS((-$B45))+Inputs!$B$70*SIN((-$B45)))-Inputs!$B$5)*(K45-Inputs!$B$5)+((Inputs!$C$70*SIN((-$B45))-Inputs!$B$70*COS((-$B45)))-Inputs!$B$6)*(L45-Inputs!$B$6))/M45)>M45-Inputs!$B$40),999,(ABS((K45-Inputs!$B$5)*((Inputs!$C$70*SIN((-$B45))-Inputs!$B$70*COS((-$B45)))-Inputs!$B$6)-(L45-Inputs!$B$6)*((Inputs!$C$70*COS((-$B45))+Inputs!$B$70*SIN((-$B45)))-Inputs!$B$5))/M45)-IF(((((Inputs!$C$70*COS((-$B45))+Inputs!$B$70*SIN((-$B45)))-Inputs!$B$5)*(K45-Inputs!$B$5)+((Inputs!$C$70*SIN((-$B45))-Inputs!$B$70*COS((-$B45)))-Inputs!$B$6)*(L45-Inputs!$B$6))/M45)<$B$16,$B$7/2,$B$8/2)-Inputs!$B$39),IF(OR(Inputs!$C$71=0,((((Inputs!$C$71*COS((-$B45))+Inputs!$B$71*SIN((-$B45)))-Inputs!$B$5)*(K45-Inputs!$B$5)+((Inputs!$C$71*SIN((-$B45))-Inputs!$B$71*COS((-$B45)))-Inputs!$B$6)*(L45-Inputs!$B$6))/M45)<0,((((Inputs!$C$71*COS((-$B45))+Inputs!$B$71*SIN((-$B45)))-Inputs!$B$5)*(K45-Inputs!$B$5)+((Inputs!$C$71*SIN((-$B45))-Inputs!$B$71*COS((-$B45)))-Inputs!$B$6)*(L45-Inputs!$B$6))/M45)>M45-Inputs!$B$40),999,(ABS((K45-Inputs!$B$5)*((Inputs!$C$71*SIN((-$B45))-Inputs!$B$71*COS((-$B45)))-Inputs!$B$6)-(L45-Inputs!$B$6)*((Inputs!$C$71*COS((-$B45))+Inputs!$B$71*SIN((-$B45)))-Inputs!$B$5))/M45)-IF(((((Inputs!$C$71*COS((-$B45))+Inputs!$B$71*SIN((-$B45)))-Inputs!$B$5)*(K45-Inputs!$B$5)+((Inputs!$C$71*SIN((-$B45))-Inputs!$B$71*COS((-$B45)))-Inputs!$B$6)*(L45-Inputs!$B$6))/M45)<$B$16,$B$7/2,$B$8/2)-Inputs!$B$39),IF(OR(Inputs!$C$72=0,((((Inputs!$C$72*COS((-$B45))+Inputs!$B$72*SIN((-$B45)))-Inputs!$B$5)*(K45-Inputs!$B$5)+((Inputs!$C$72*SIN((-$B45))-Inputs!$B$72*COS((-$B45)))-Inputs!$B$6)*(L45-Inputs!$B$6))/M45)<0,((((Inputs!$C$72*COS((-$B45))+Inputs!$B$72*SIN((-$B45)))-Inputs!$B$5)*(K45-Inputs!$B$5)+((Inputs!$C$72*SIN((-$B45))-Inputs!$B$72*COS((-$B45)))-Inputs!$B$6)*(L45-Inputs!$B$6))/M45)>M45-Inputs!$B$40),999,(ABS((K45-Inputs!$B$5)*((Inputs!$C$72*SIN((-$B45))-Inputs!$B$72*COS((-$B45)))-Inputs!$B$6)-(L45-Inputs!$B$6)*((Inputs!$C$72*COS((-$B45))+Inputs!$B$72*SIN((-$B45)))-Inputs!$B$5))/M45)-IF(((((Inputs!$C$72*COS((-$B45))+Inputs!$B$72*SIN((-$B45)))-Inputs!$B$5)*(K45-Inputs!$B$5)+((Inputs!$C$72*SIN((-$B45))-Inputs!$B$72*COS((-$B45)))-Inputs!$B$6)*(L45-Inputs!$B$6))/M45)<$B$16,$B$7/2,$B$8/2)-Inputs!$B$39)) -> 24.730262 | P45: =IF(AND(M45>=$B$14,M45<=$B$15,N45<=Inputs!$B$38,O45>=0,$D45=1),1,0) -> 1 | X45: 5 | Y45: =IF(X45<0,INDEX($N$43:$N$163,MATCH(-X45,$A$43:$A$163,0)),INDEX($H$43:$H$163,MATCH(X45,$A$43:$A$163,0))) -> 291.8 | Z45: =Inputs!$B$38 -> 350 | AA45: =IF(X45<0,INDEX($O$43:$O$163,MATCH(-X45,$A$43:$A$163,0)),INDEX($I$43:$I$163,MATCH(X45,$A$43:$A$163,0))) -> 31.699505 | AB45: 0
A46: 0.75 | B46: =RADIANS(A46) -> 0.013089969 | C46: =MAX(Inputs!$C$68*COS($B46)+Inputs!$B$68*ABS(SIN($B46)),Inputs!$C$69*COS($B46)+Inputs!$B$69*ABS(SIN($B46)),Inputs!$C$70*COS($B46)+Inputs!$B$70*ABS(SIN($B46)),Inputs!$C$71*COS($B46)+Inputs!$B$71*ABS(SIN($B46)),Inputs!$C$72*COS($B46)+Inputs!$B$72*ABS(SIN($B46))) -> 89.677759 | D46: =IF(C46<=Inputs!$B$38,1,0) -> 1 | E46: =Inputs!$B$11*COS(($B46))-Inputs!$B$7*SIN(($B46)) -> 98.464707 | F46: =Inputs!$B$11*SIN(($B46))+Inputs!$B$7*COS(($B46)) -> -198.72816 | G46: =SQRT((E46-Inputs!$B$5)^2+(F46-Inputs!$B$6)^2) -> 334.96486 | H46: =MAX(MAX(Inputs!$B$5,(Inputs!$B$5+(E46-Inputs!$B$5)*MIN(1,$B$16/G46)))+$B$7/2,MAX((Inputs!$B$5+(E46-Inputs!$B$5)*MIN(1,$B$16/G46)),E46)+Inputs!$B$41) -> 291.8 | I46: =MIN(IF(OR(Inputs!$C$68=0,((((Inputs!$C$68*COS(($B46))+Inputs!$B$68*SIN(($B46)))-Inputs!$B$5)*(E46-Inputs!$B$5)+((Inputs!$C$68*SIN(($B46))-Inputs!$B$68*COS(($B46)))-Inputs!$B$6)*(F46-Inputs!$B$6))/G46)<0,((((Inputs!$C$68*COS(($B46))+Inputs!$B$68*SIN(($B46)))-Inputs!$B$5)*(E46-Inputs!$B$5)+((Inputs!$C$68*SIN(($B46))-Inputs!$B$68*COS(($B46)))-Inputs!$B$6)*(F46-Inputs!$B$6))/G46)>G46-Inputs!$B$40),999,(ABS((E46-Inputs!$B$5)*((Inputs!$C$68*SIN(($B46))-Inputs!$B$68*COS(($B46)))-Inputs!$B$6)-(F46-Inputs!$B$6)*((Inputs!$C$68*COS(($B46))+Inputs!$B$68*SIN(($B46)))-Inputs!$B$5))/G46)-IF(((((Inputs!$C$68*COS(($B46))+Inputs!$B$68*SIN(($B46)))-Inputs!$B$5)*(E46-Inputs!$B$5)+((Inputs!$C$68*SIN(($B46))-Inputs!$B$68*COS(($B46)))-Inputs!$B$6)*(F46-Inputs!$B$6))/G46)<$B$16,$B$7/2,$B$8/2)-Inputs!$B$39),IF(OR(Inputs!$C$69=0,((((Inputs!$C$69*COS(($B46))+Inputs!$B$69*SIN(($B46)))-Inputs!$B$5)*(E46-Inputs!$B$5)+((Inputs!$C$69*SIN(($B46))-Inputs!$B$69*COS(($B46)))-Inputs!$B$6)*(F46-Inputs!$B$6))/G46)<0,((((Inputs!$C$69*COS(($B46))+Inputs!$B$69*SIN(($B46)))-Inputs!$B$5)*(E46-Inputs!$B$5)+((Inputs!$C$69*SIN(($B46))-Inputs!$B$69*COS(($B46)))-Inputs!$B$6)*(F46-Inputs!$B$6))/G46)>G46-Inputs!$B$40),999,(ABS((E46-Inputs!$B$5)*((Inputs!$C$69*SIN(($B46))-Inputs!$B$69*COS(($B46)))-Inputs!$B$6)-(F46-Inputs!$B$6)*((Inputs!$C$69*COS(($B46))+Inputs!$B$69*SIN(($B46)))-Inputs!$B$5))/G46)-IF(((((Inputs!$C$69*COS(($B46))+Inputs!$B$69*SIN(($B46)))-Inputs!$B$5)*(E46-Inputs!$B$5)+((Inputs!$C$69*SIN(($B46))-Inputs!$B$69*COS(($B46)))-Inputs!$B$6)*(F46-Inputs!$B$6))/G46)<$B$16,$B$7/2,$B$8/2)-Inputs!$B$39),IF(OR(Inputs!$C$70=0,((((Inputs!$C$70*COS(($B46))+Inputs!$B$70*SIN(($B46)))-Inputs!$B$5)*(E46-Inputs!$B$5)+((Inputs!$C$70*SIN(($B46))-Inputs!$B$70*COS(($B46)))-Inputs!$B$6)*(F46-Inputs!$B$6))/G46)<0,((((Inputs!$C$70*COS(($B46))+Inputs!$B$70*SIN(($B46)))-Inputs!$B$5)*(E46-Inputs!$B$5)+((Inputs!$C$70*SIN(($B46))-Inputs!$B$70*COS(($B46)))-Inputs!$B$6)*(F46-Inputs!$B$6))/G46)>G46-Inputs!$B$40),999,(ABS((E46-Inputs!$B$5)*((Inputs!$C$70*SIN(($B46))-Inputs!$B$70*COS(($B46)))-Inputs!$B$6)-(F46-Inputs!$B$6)*((Inputs!$C$70*COS(($B46))+Inputs!$B$70*SIN(($B46)))-Inputs!$B$5))/G46)-IF(((((Inputs!$C$70*COS(($B46))+Inputs!$B$70*SIN(($B46)))-Inputs!$B$5)*(E46-Inputs!$B$5)+((Inputs!$C$70*SIN(($B46))-Inputs!$B$70*COS(($B46)))-Inputs!$B$6)*(F46-Inputs!$B$6))/G46)<$B$16,$B$7/2,$B$8/2)-Inputs!$B$39),IF(OR(Inputs!$C$71=0,((((Inputs!$C$71*COS(($B46))+Inputs!$B$71*SIN(($B46)))-Inputs!$B$5)*(E46-Inputs!$B$5)+((Inputs!$C$71*SIN(($B46))-Inputs!$B$71*COS(($B46)))-Inputs!$B$6)*(F46-Inputs!$B$6))/G46)<0,((((Inputs!$C$71*COS(($B46))+Inputs!$B$71*SIN(($B46)))-Inputs!$B$5)*(E46-Inputs!$B$5)+((Inputs!$C$71*SIN(($B46))-Inputs!$B$71*COS(($B46)))-Inputs!$B$6)*(F46-Inputs!$B$6))/G46)>G46-Inputs!$B$40),999,(ABS((E46-Inputs!$B$5)*((Inputs!$C$71*SIN(($B46))-Inputs!$B$71*COS(($B46)))-Inputs!$B$6)-(F46-Inputs!$B$6)*((Inputs!$C$71*COS(($B46))+Inputs!$B$71*SIN(($B46)))-Inputs!$B$5))/G46)-IF(((((Inputs!$C$71*COS(($B46))+Inputs!$B$71*SIN(($B46)))-Inputs!$B$5)*(E46-Inputs!$B$5)+((Inputs!$C$71*SIN(($B46))-Inputs!$B$71*COS(($B46)))-Inputs!$B$6)*(F46-Inputs!$B$6))/G46)<$B$16,$B$7/2,$B$8/2)-Inputs!$B$39),IF(OR(Inputs!$C$72=0,((((Inputs!$C$72*COS(($B46))+Inputs!$B$72*SIN(($B46)))-Inputs!$B$5)*(E46-Inputs!$B$5)+((Inputs!$C$72*SIN(($B46))-Inputs!$B$72*COS(($B46)))-Inputs!$B$6)*(F46-Inputs!$B$6))/G46)<0,((((Inputs!$C$72*COS(($B46))+Inputs!$B$72*SIN(($B46)))-Inputs!$B$5)*(E46-Inputs!$B$5)+((Inputs!$C$72*SIN(($B46))-Inputs!$B$72*COS(($B46)))-Inputs!$B$6)*(F46-Inputs!$B$6))/G46)>G46-Inputs!$B$40),999,(ABS((E46-Inputs!$B$5)*((Inputs!$C$72*SIN(($B46))-Inputs!$B$72*COS(($B46)))-Inputs!$B$6)-(F46-Inputs!$B$6)*((Inputs!$C$72*COS(($B46))+Inputs!$B$72*SIN(($B46)))-Inputs!$B$5))/G46)-IF(((((Inputs!$C$72*COS(($B46))+Inputs!$B$72*SIN(($B46)))-Inputs!$B$5)*(E46-Inputs!$B$5)+((Inputs!$C$72*SIN(($B46))-Inputs!$B$72*COS(($B46)))-Inputs!$B$6)*(F46-Inputs!$B$6))/G46)<$B$16,$B$7/2,$B$8/2)-Inputs!$B$39)) -> 26.324584 | J46: =IF(AND(G46>=$B$14,G46<=$B$15,H46<=Inputs!$B$38,I46>=0,$D46=1),1,0) -> 1 | K46: =Inputs!$B$11*COS((-$B46))-Inputs!$B$7*SIN((-$B46)) -> 93.228869 | L46: =Inputs!$B$11*SIN((-$B46))+Inputs!$B$7*COS((-$B46)) -> -201.23757 | M46: =SQRT((K46-Inputs!$B$5)^2+(L46-Inputs!$B$6)^2) -> 339.58984 | N46: =MAX(MAX(Inputs!$B$5,(Inputs!$B$5+(K46-Inputs!$B$5)*MIN(1,$B$16/M46)))+$B$7/2,MAX((Inputs!$B$5+(K46-Inputs!$B$5)*MIN(1,$B$16/M46)),K46)+Inputs!$B$41) -> 291.8 | O46: =MIN(IF(OR(Inputs!$C$68=0,((((Inputs!$C$68*COS((-$B46))+Inputs!$B$68*SIN((-$B46)))-Inputs!$B$5)*(K46-Inputs!$B$5)+((Inputs!$C$68*SIN((-$B46))-Inputs!$B$68*COS((-$B46)))-Inputs!$B$6)*(L46-Inputs!$B$6))/M46)<0,((((Inputs!$C$68*COS((-$B46))+Inputs!$B$68*SIN((-$B46)))-Inputs!$B$5)*(K46-Inputs!$B$5)+((Inputs!$C$68*SIN((-$B46))-Inputs!$B$68*COS((-$B46)))-Inputs!$B$6)*(L46-Inputs!$B$6))/M46)>M46-Inputs!$B$40),999,(ABS((K46-Inputs!$B$5)*((Inputs!$C$68*SIN((-$B46))-Inputs!$B$68*COS((-$B46)))-Inputs!$B$6)-(L46-Inputs!$B$6)*((Inputs!$C$68*COS((-$B46))+Inputs!$B$68*SIN((-$B46)))-Inputs!$B$5))/M46)-IF(((((Inputs!$C$68*COS((-$B46))+Inputs!$B$68*SIN((-$B46)))-Inputs!$B$5)*(K46-Inputs!$B$5)+((Inputs!$C$68*SIN((-$B46))-Inputs!$B$68*COS((-$B46)))-Inputs!$B$6)*(L46-Inputs!$B$6))/M46)<$B$16,$B$7/2,$B$8/2)-Inputs!$B$39),IF(OR(Inputs!$C$69=0,((((Inputs!$C$69*COS((-$B46))+Inputs!$B$69*SIN((-$B46)))-Inputs!$B$5)*(K46-Inputs!$B$5)+((Inputs!$C$69*SIN((-$B46))-Inputs!$B$69*COS((-$B46)))-Inputs!$B$6)*(L46-Inputs!$B$6))/M46)<0,((((Inputs!$C$69*COS((-$B46))+Inputs!$B$69*SIN((-$B46)))-Inputs!$B$5)*(K46-Inputs!$B$5)+((Inputs!$C$69*SIN((-$B46))-Inputs!$B$69*COS((-$B46)))-Inputs!$B$6)*(L46-Inputs!$B$6))/M46)>M46-Inputs!$B$40),999,(ABS((K46-Inputs!$B$5)*((Inputs!$C$69*SIN((-$B46))-Inputs!$B$69*COS((-$B46)))-Inputs!$B$6)-(L46-Inputs!$B$6)*((Inputs!$C$69*COS((-$B46))+Inputs!$B$69*SIN((-$B46)))-Inputs!$B$5))/M46)-IF(((((Inputs!$C$69*COS((-$B46))+Inputs!$B$69*SIN((-$B46)))-Inputs!$B$5)*(K46-Inputs!$B$5)+((Inputs!$C$69*SIN((-$B46))-Inputs!$B$69*COS((-$B46)))-Inputs!$B$6)*(L46-Inputs!$B$6))/M46)<$B$16,$B$7/2,$B$8/2)-Inputs!$B$39),IF(OR(Inputs!$C$70=0,((((Inputs!$C$70*COS((-$B46))+Inputs!$B$70*SIN((-$B46)))-Inputs!$B$5)*(K46-Inputs!$B$5)+((Inputs!$C$70*SIN((-$B46))-Inputs!$B$70*COS((-$B46)))-Inputs!$B$6)*(L46-Inputs!$B$6))/M46)<0,((((Inputs!$C$70*COS((-$B46))+Inputs!$B$70*SIN((-$B46)))-Inputs!$B$5)*(K46-Inputs!$B$5)+((Inputs!$C$70*SIN((-$B46))-Inputs!$B$70*COS((-$B46)))-Inputs!$B$6)*(L46-Inputs!$B$6))/M46)>M46-Inputs!$B$40),999,(ABS((K46-Inputs!$B$5)*((Inputs!$C$70*SIN((-$B46))-Inputs!$B$70*COS((-$B46)))-Inputs!$B$6)-(L46-Inputs!$B$6)*((Inputs!$C$70*COS((-$B46))+Inputs!$B$70*SIN((-$B46)))-Inputs!$B$5))/M46)-IF(((((Inputs!$C$70*COS((-$B46))+Inputs!$B$70*SIN((-$B46)))-Inputs!$B$5)*(K46-Inputs!$B$5)+((Inputs!$C$70*SIN((-$B46))-Inputs!$B$70*COS((-$B46)))-Inputs!$B$6)*(L46-Inputs!$B$6))/M46)<$B$16,$B$7/2,$B$8/2)-Inputs!$B$39),IF(OR(Inputs!$C$71=0,((((Inputs!$C$71*COS((-$B46))+Inputs!$B$71*SIN((-$B46)))-Inputs!$B$5)*(K46-Inputs!$B$5)+((Inputs!$C$71*SIN((-$B46))-Inputs!$B$71*COS((-$B46)))-Inputs!$B$6)*(L46-Inputs!$B$6))/M46)<0,((((Inputs!$C$71*COS((-$B46))+Inputs!$B$71*SIN((-$B46)))-Inputs!$B$5)*(K46-Inputs!$B$5)+((Inputs!$C$71*SIN((-$B46))-Inputs!$B$71*COS((-$B46)))-Inputs!$B$6)*(L46-Inputs!$B$6))/M46)>M46-Inputs!$B$40),999,(ABS((K46-Inputs!$B$5)*((Inputs!$C$71*SIN((-$B46))-Inputs!$B$71*COS((-$B46)))-Inputs!$B$6)-(L46-Inputs!$B$6)*((Inputs!$C$71*COS((-$B46))+Inputs!$B$71*SIN((-$B46)))-Inputs!$B$5))/M46)-IF(((((Inputs!$C$71*COS((-$B46))+Inputs!$B$71*SIN((-$B46)))-Inputs!$B$5)*(K46-Inputs!$B$5)+((Inputs!$C$71*SIN((-$B46))-Inputs!$B$71*COS((-$B46)))-Inputs!$B$6)*(L46-Inputs!$B$6))/M46)<$B$16,$B$7/2,$B$8/2)-Inputs!$B$39),IF(OR(Inputs!$C$72=0,((((Inputs!$C$72*COS((-$B46))+Inputs!$B$72*SIN((-$B46)))-Inputs!$B$5)*(K46-Inputs!$B$5)+((Inputs!$C$72*SIN((-$B46))-Inputs!$B$72*COS((-$B46)))-Inputs!$B$6)*(L46-Inputs!$B$6))/M46)<0,((((Inputs!$C$72*COS((-$B46))+Inputs!$B$72*SIN((-$B46)))-Inputs!$B$5)*(K46-Inputs!$B$5)+((Inputs!$C$72*SIN((-$B46))-Inputs!$B$72*COS((-$B46)))-Inputs!$B$6)*(L46-Inputs!$B$6))/M46)>M46-Inputs!$B$40),999,(ABS((K46-Inputs!$B$5)*((Inputs!$C$72*SIN((-$B46))-Inputs!$B$72*COS((-$B46)))-Inputs!$B$6)-(L46-Inputs!$B$6)*((Inputs!$C$72*COS((-$B46))+Inputs!$B$72*SIN((-$B46)))-Inputs!$B$5))/M46)-IF(((((Inputs!$C$72*COS((-$B46))+Inputs!$B$72*SIN((-$B46)))-Inputs!$B$5)*(K46-Inputs!$B$5)+((Inputs!$C$72*SIN((-$B46))-Inputs!$B$72*COS((-$B46)))-Inputs!$B$6)*(L46-Inputs!$B$6))/M46)<$B$16,$B$7/2,$B$8/2)-Inputs!$B$39)) -> 24.41069 | P46: =IF(AND(M46>=$B$14,M46<=$B$15,N46<=Inputs!$B$38,O46>=0,$D46=1),1,0) -> 1 | X46: 5.5 | Y46: =IF(X46<0,INDEX($N$43:$N$163,MATCH(-X46,$A$43:$A$163,0)),INDEX($H$43:$H$163,MATCH(X46,$A$43:$A$163,0))) -> 291.8 | Z46: =Inputs!$B$38 -> 350 | AA46: =IF(X46<0,INDEX($O$43:$O$163,MATCH(-X46,$A$43:$A$163,0)),INDEX($I$43:$I$163,MATCH(X46,$A$43:$A$163,0))) -> 32.327029 | AB46: 0
A47: 1 | B47: =RADIANS(A47) -> 0.017453293 | C47: =MAX(Inputs!$C$68*COS($B47)+Inputs!$B$68*ABS(SIN($B47)),Inputs!$C$69*COS($B47)+Inputs!$B$69*ABS(SIN($B47)),Inputs!$C$70*COS($B47)+Inputs!$B$70*ABS(SIN($B47)),Inputs!$C$71*COS($B47)+Inputs!$B$71*ABS(SIN($B47)),Inputs!$C$72*COS($B47)+Inputs!$B$72*ABS(SIN($B47))) -> 89.933604 | D47: =IF(C47<=Inputs!$B$38,1,0) -> 1 | E47: =Inputs!$B$11*COS(($B47))-Inputs!$B$7*SIN(($B47)) -> 99.330882 | F47: =Inputs!$B$11*SIN(($B47))+Inputs!$B$7*COS(($B47)) -> -198.29664 | G47: =SQRT((E47-Inputs!$B$5)^2+(F47-Inputs!$B$6)^2) -> 334.18867 | H47: =MAX(MAX(Inputs!$B$5,(Inputs!$B$5+(E47-Inputs!$B$5)*MIN(1,$B$16/G47)))+$B$7/2,MAX((Inputs!$B$5+(E47-Inputs!$B$5)*MIN(1,$B$16/G47)),E47)+Inputs!$B$41) -> 291.8 | I47: =MIN(IF(OR(Inputs!$C$68=0,((((Inputs!$C$68*COS(($B47))+Inputs!$B$68*SIN(($B47)))-Inputs!$B$5)*(E47-Inputs!$B$5)+((Inputs!$C$68*SIN(($B47))-Inputs!$B$68*COS(($B47)))-Inputs!$B$6)*(F47-Inputs!$B$6))/G47)<0,((((Inputs!$C$68*COS(($B47))+Inputs!$B$68*SIN(($B47)))-Inputs!$B$5)*(E47-Inputs!$B$5)+((Inputs!$C$68*SIN(($B47))-Inputs!$B$68*COS(($B47)))-Inputs!$B$6)*(F47-Inputs!$B$6))/G47)>G47-Inputs!$B$40),999,(ABS((E47-Inputs!$B$5)*((Inputs!$C$68*SIN(($B47))-Inputs!$B$68*COS(($B47)))-Inputs!$B$6)-(F47-Inputs!$B$6)*((Inputs!$C$68*COS(($B47))+Inputs!$B$68*SIN(($B47)))-Inputs!$B$5))/G47)-IF(((((Inputs!$C$68*COS(($B47))+Inputs!$B$68*SIN(($B47)))-Inputs!$B$5)*(E47-Inputs!$B$5)+((Inputs!$C$68*SIN(($B47))-Inputs!$B$68*COS(($B47)))-Inputs!$B$6)*(F47-Inputs!$B$6))/G47)<$B$16,$B$7/2,$B$8/2)-Inputs!$B$39),IF(OR(Inputs!$C$69=0,((((Inputs!$C$69*COS(($B47))+Inputs!$B$69*SIN(($B47)))-Inputs!$B$5)*(E47-Inputs!$B$5)+((Inputs!$C$69*SIN(($B47))-Inputs!$B$69*COS(($B47)))-Inputs!$B$6)*(F47-Inputs!$B$6))/G47)<0,((((Inputs!$C$69*COS(($B47))+Inputs!$B$69*SIN(($B47)))-Inputs!$B$5)*(E47-Inputs!$B$5)+((Inputs!$C$69*SIN(($B47))-Inputs!$B$69*COS(($B47)))-Inputs!$B$6)*(F47-Inputs!$B$6))/G47)>G47-Inputs!$B$40),999,(ABS((E47-Inputs!$B$5)*((Inputs!$C$69*SIN(($B47))-Inputs!$B$69*COS(($B47)))-Inputs!$B$6)-(F47-Inputs!$B$6)*((Inputs!$C$69*COS(($B47))+Inputs!$B$69*SIN(($B47)))-Inputs!$B$5))/G47)-IF(((((Inputs!$C$69*COS(($B47))+Inputs!$B$69*SIN(($B47)))-Inputs!$B$5)*(E47-Inputs!$B$5)+((Inputs!$C$69*SIN(($B47))-Inputs!$B$69*COS(($B47)))-Inputs!$B$6)*(F47-Inputs!$B$6))/G47)<$B$16,$B$7/2,$B$8/2)-Inputs!$B$39),IF(OR(Inputs!$C$70=0,((((Inputs!$C$70*COS(($B47))+Inputs!$B$70*SIN(($B47)))-Inputs!$B$5)*(E47-Inputs!$B$5)+((Inputs!$C$70*SIN(($B47))-Inputs!$B$70*COS(($B47)))-Inputs!$B$6)*(F47-Inputs!$B$6))/G47)<0,((((Inputs!$C$70*COS(($B47))+Inputs!$B$70*SIN(($B47)))-Inputs!$B$5)*(E47-Inputs!$B$5)+((Inputs!$C$70*SIN(($B47))-Inputs!$B$70*COS(($B47)))-Inputs!$B$6)*(F47-Inputs!$B$6))/G47)>G47-Inputs!$B$40),999,(ABS((E47-Inputs!$B$5)*((Inputs!$C$70*SIN(($B47))-Inputs!$B$70*COS(($B47)))-Inputs!$B$6)-(F47-Inputs!$B$6)*((Inputs!$C$70*COS(($B47))+Inputs!$B$70*SIN(($B47)))-Inputs!$B$5))/G47)-IF(((((Inputs!$C$70*COS(($B47))+Inputs!$B$70*SIN(($B47)))-Inputs!$B$5)*(E47-Inputs!$B$5)+((Inputs!$C$70*SIN(($B47))-Inputs!$B$70*COS(($B47)))-Inputs!$B$6)*(F47-Inputs!$B$6))/G47)<$B$16,$B$7/2,$B$8/2)-Inputs!$B$39),IF(OR(Inputs!$C$71=0,((((Inputs!$C$71*COS(($B47))+Inputs!$B$71*SIN(($B47)))-Inputs!$B$5)*(E47-Inputs!$B$5)+((Inputs!$C$71*SIN(($B47))-Inputs!$B$71*COS(($B47)))-Inputs!$B$6)*(F47-Inputs!$B$6))/G47)<0,((((Inputs!$C$71*COS(($B47))+Inputs!$B$71*SIN(($B47)))-Inputs!$B$5)*(E47-Inputs!$B$5)+((Inputs!$C$71*SIN(($B47))-Inputs!$B$71*COS(($B47)))-Inputs!$B$6)*(F47-Inputs!$B$6))/G47)>G47-Inputs!$B$40),999,(ABS((E47-Inputs!$B$5)*((Inputs!$C$71*SIN(($B47))-Inputs!$B$71*COS(($B47)))-Inputs!$B$6)-(F47-Inputs!$B$6)*((Inputs!$C$71*COS(($B47))+Inputs!$B$71*SIN(($B47)))-Inputs!$B$5))/G47)-IF(((((Inputs!$C$71*COS(($B47))+Inputs!$B$71*SIN(($B47)))-Inputs!$B$5)*(E47-Inputs!$B$5)+((Inputs!$C$71*SIN(($B47))-Inputs!$B$71*COS(($B47)))-Inputs!$B$6)*(F47-Inputs!$B$6))/G47)<$B$16,$B$7/2,$B$8/2)-Inputs!$B$39),IF(OR(Inputs!$C$72=0,((((Inputs!$C$72*COS(($B47))+Inputs!$B$72*SIN(($B47)))-Inputs!$B$5)*(E47-Inputs!$B$5)+((Inputs!$C$72*SIN(($B47))-Inputs!$B$72*COS(($B47)))-Inputs!$B$6)*(F47-Inputs!$B$6))/G47)<0,((((Inputs!$C$72*COS(($B47))+Inputs!$B$72*SIN(($B47)))-Inputs!$B$5)*(E47-Inputs!$B$5)+((Inputs!$C$72*SIN(($B47))-Inputs!$B$72*COS(($B47)))-Inputs!$B$6)*(F47-Inputs!$B$6))/G47)>G47-Inputs!$B$40),999,(ABS((E47-Inputs!$B$5)*((Inputs!$C$72*SIN(($B47))-Inputs!$B$72*COS(($B47)))-Inputs!$B$6)-(F47-Inputs!$B$6)*((Inputs!$C$72*COS(($B47))+Inputs!$B$72*SIN(($B47)))-Inputs!$B$5))/G47)-IF(((((Inputs!$C$72*COS(($B47))+Inputs!$B$72*SIN(($B47)))-Inputs!$B$5)*(E47-Inputs!$B$5)+((Inputs!$C$72*SIN(($B47))-Inputs!$B$72*COS(($B47)))-Inputs!$B$6)*(F47-Inputs!$B$6))/G47)<$B$16,$B$7/2,$B$8/2)-Inputs!$B$39)) -> 26.642732 | J47: =IF(AND(G47>=$B$14,G47<=$B$15,H47<=Inputs!$B$38,I47>=0,$D47=1),1,0) -> 1 | K47: =Inputs!$B$11*COS((-$B47))-Inputs!$B$7*SIN((-$B47)) -> 92.34992 | L47: =Inputs!$B$11*SIN((-$B47))+Inputs!$B$7*COS((-$B47)) -> -201.64244 | M47: =SQRT((K47-Inputs!$B$5)^2+(L47-Inputs!$B$6)^2) -> 340.35527 | N47: =MAX(MAX(Inputs!$B$5,(Inputs!$B$5+(K47-Inputs!$B$5)*MIN(1,$B$16/M47)))+$B$7/2,MAX((Inputs!$B$5+(K47-Inputs!$B$5)*MIN(1,$B$16/M47)),K47)+Inputs!$B$41) -> 291.8 | O47: =MIN(IF(OR(Inputs!$C$68=0,((((Inputs!$C$68*COS((-$B47))+Inputs!$B$68*SIN((-$B47)))-Inputs!$B$5)*(K47-Inputs!$B$5)+((Inputs!$C$68*SIN((-$B47))-Inputs!$B$68*COS((-$B47)))-Inputs!$B$6)*(L47-Inputs!$B$6))/M47)<0,((((Inputs!$C$68*COS((-$B47))+Inputs!$B$68*SIN((-$B47)))-Inputs!$B$5)*(K47-Inputs!$B$5)+((Inputs!$C$68*SIN((-$B47))-Inputs!$B$68*COS((-$B47)))-Inputs!$B$6)*(L47-Inputs!$B$6))/M47)>M47-Inputs!$B$40),999,(ABS((K47-Inputs!$B$5)*((Inputs!$C$68*SIN((-$B47))-Inputs!$B$68*COS((-$B47)))-Inputs!$B$6)-(L47-Inputs!$B$6)*((Inputs!$C$68*COS((-$B47))+Inputs!$B$68*SIN((-$B47)))-Inputs!$B$5))/M47)-IF(((((Inputs!$C$68*COS((-$B47))+Inputs!$B$68*SIN((-$B47)))-Inputs!$B$5)*(K47-Inputs!$B$5)+((Inputs!$C$68*SIN((-$B47))-Inputs!$B$68*COS((-$B47)))-Inputs!$B$6)*(L47-Inputs!$B$6))/M47)<$B$16,$B$7/2,$B$8/2)-Inputs!$B$39),IF(OR(Inputs!$C$69=0,((((Inputs!$C$69*COS((-$B47))+Inputs!$B$69*SIN((-$B47)))-Inputs!$B$5)*(K47-Inputs!$B$5)+((Inputs!$C$69*SIN((-$B47))-Inputs!$B$69*COS((-$B47)))-Inputs!$B$6)*(L47-Inputs!$B$6))/M47)<0,((((Inputs!$C$69*COS((-$B47))+Inputs!$B$69*SIN((-$B47)))-Inputs!$B$5)*(K47-Inputs!$B$5)+((Inputs!$C$69*SIN((-$B47))-Inputs!$B$69*COS((-$B47)))-Inputs!$B$6)*(L47-Inputs!$B$6))/M47)>M47-Inputs!$B$40),999,(ABS((K47-Inputs!$B$5)*((Inputs!$C$69*SIN((-$B47))-Inputs!$B$69*COS((-$B47)))-Inputs!$B$6)-(L47-Inputs!$B$6)*((Inputs!$C$69*COS((-$B47))+Inputs!$B$69*SIN((-$B47)))-Inputs!$B$5))/M47)-IF(((((Inputs!$C$69*COS((-$B47))+Inputs!$B$69*SIN((-$B47)))-Inputs!$B$5)*(K47-Inputs!$B$5)+((Inputs!$C$69*SIN((-$B47))-Inputs!$B$69*COS((-$B47)))-Inputs!$B$6)*(L47-Inputs!$B$6))/M47)<$B$16,$B$7/2,$B$8/2)-Inputs!$B$39),IF(OR(Inputs!$C$70=0,((((Inputs!$C$70*COS((-$B47))+Inputs!$B$70*SIN((-$B47)))-Inputs!$B$5)*(K47-Inputs!$B$5)+((Inputs!$C$70*SIN((-$B47))-Inputs!$B$70*COS((-$B47)))-Inputs!$B$6)*(L47-Inputs!$B$6))/M47)<0,((((Inputs!$C$70*COS((-$B47))+Inputs!$B$70*SIN((-$B47)))-Inputs!$B$5)*(K47-Inputs!$B$5)+((Inputs!$C$70*SIN((-$B47))-Inputs!$B$70*COS((-$B47)))-Inputs!$B$6)*(L47-Inputs!$B$6))/M47)>M47-Inputs!$B$40),999,(ABS((K47-Inputs!$B$5)*((Inputs!$C$70*SIN((-$B47))-Inputs!$B$70*COS((-$B47)))-Inputs!$B$6)-(L47-Inputs!$B$6)*((Inputs!$C$70*COS((-$B47))+Inputs!$B$70*SIN((-$B47)))-Inputs!$B$5))/M47)-IF(((((Inputs!$C$70*COS((-$B47))+Inputs!$B$70*SIN((-$B47)))-Inputs!$B$5)*(K47-Inputs!$B$5)+((Inputs!$C$70*SIN((-$B47))-Inputs!$B$70*COS((-$B47)))-Inputs!$B$6)*(L47-Inputs!$B$6))/M47)<$B$16,$B$7/2,$B$8/2)-Inputs!$B$39),IF(OR(Inputs!$C$71=0,((((Inputs!$C$71*COS((-$B47))+Inputs!$B$71*SIN((-$B47)))-Inputs!$B$5)*(K47-Inputs!$B$5)+((Inputs!$C$71*SIN((-$B47))-Inputs!$B$71*COS((-$B47)))-Inputs!$B$6)*(L47-Inputs!$B$6))/M47)<0,((((Inputs!$C$71*COS((-$B47))+Inputs!$B$71*SIN((-$B47)))-Inputs!$B$5)*(K47-Inputs!$B$5)+((Inputs!$C$71*SIN((-$B47))-Inputs!$B$71*COS((-$B47)))-Inputs!$B$6)*(L47-Inputs!$B$6))/M47)>M47-Inputs!$B$40),999,(ABS((K47-Inputs!$B$5)*((Inputs!$C$71*SIN((-$B47))-Inputs!$B$71*COS((-$B47)))-Inputs!$B$6)-(L47-Inputs!$B$6)*((Inputs!$C$71*COS((-$B47))+Inputs!$B$71*SIN((-$B47)))-Inputs!$B$5))/M47)-IF(((((Inputs!$C$71*COS((-$B47))+Inputs!$B$71*SIN((-$B47)))-Inputs!$B$5)*(K47-Inputs!$B$5)+((Inputs!$C$71*SIN((-$B47))-Inputs!$B$71*COS((-$B47)))-Inputs!$B$6)*(L47-Inputs!$B$6))/M47)<$B$16,$B$7/2,$B$8/2)-Inputs!$B$39),IF(OR(Inputs!$C$72=0,((((Inputs!$C$72*COS((-$B47))+Inputs!$B$72*SIN((-$B47)))-Inputs!$B$5)*(K47-Inputs!$B$5)+((Inputs!$C$72*SIN((-$B47))-Inputs!$B$72*COS((-$B47)))-Inputs!$B$6)*(L47-Inputs!$B$6))/M47)<0,((((Inputs!$C$72*COS((-$B47))+Inputs!$B$72*SIN((-$B47)))-Inputs!$B$5)*(K47-Inputs!$B$5)+((Inputs!$C$72*SIN((-$B47))-Inputs!$B$72*COS((-$B47)))-Inputs!$B$6)*(L47-Inputs!$B$6))/M47)>M47-Inputs!$B$40),999,(ABS((K47-Inputs!$B$5)*((Inputs!$C$72*SIN((-$B47))-Inputs!$B$72*COS((-$B47)))-Inputs!$B$6)-(L47-Inputs!$B$6)*((Inputs!$C$72*COS((-$B47))+Inputs!$B$72*SIN((-$B47)))-Inputs!$B$5))/M47)-IF(((((Inputs!$C$72*COS((-$B47))+Inputs!$B$72*SIN((-$B47)))-Inputs!$B$5)*(K47-Inputs!$B$5)+((Inputs!$C$72*SIN((-$B47))-Inputs!$B$72*COS((-$B47)))-Inputs!$B$6)*(L47-Inputs!$B$6))/M47)<$B$16,$B$7/2,$B$8/2)-Inputs!$B$39)) -> 24.090883 | P47: =IF(AND(M47>=$B$14,M47<=$B$15,N47<=Inputs!$B$38,O47>=0,$D47=1),1,0) -> 1 | X47: 6 | Y47: =IF(X47<0,INDEX($N$43:$N$163,MATCH(-X47,$A$43:$A$163,0)),INDEX($H$43:$H$163,MATCH(X47,$A$43:$A$163,0))) -> 291.8 | Z47: =Inputs!$B$38 -> 350 | AA47: =IF(X47<0,INDEX($O$43:$O$163,MATCH(-X47,$A$43:$A$163,0)),INDEX($I$43:$I$163,MATCH(X47,$A$43:$A$163,0))) -> 32.953509 | AB47: 0
A48: 1.25 | B48: =RADIANS(A48) -> 0.021816616 | C48: =MAX(Inputs!$C$68*COS($B48)+Inputs!$B$68*ABS(SIN($B48)),Inputs!$C$69*COS($B48)+Inputs!$B$69*ABS(SIN($B48)),Inputs!$C$70*COS($B48)+Inputs!$B$70*ABS(SIN($B48)),Inputs!$C$71*COS($B48)+Inputs!$B$71*ABS(SIN($B48)),Inputs!$C$72*COS($B48)+Inputs!$B$72*ABS(SIN($B48))) -> 90.187737 | D48: =IF(C48<=Inputs!$B$38,1,0) -> 1 | E48: =Inputs!$B$11*COS(($B48))-Inputs!$B$7*SIN(($B48)) -> 100.19517 | F48: =Inputs!$B$11*SIN(($B48))+Inputs!$B$7*COS(($B48)) -> -197.86134 | G48: =SQRT((E48-Inputs!$B$5)^2+(F48-Inputs!$B$6)^2) -> 333.41096 | H48: =MAX(MAX(Inputs!$B$5,(Inputs!$B$5+(E48-Inputs!$B$5)*MIN(1,$B$16/G48)))+$B$7/2,MAX((Inputs!$B$5+(E48-Inputs!$B$5)*MIN(1,$B$16/G48)),E48)+Inputs!$B$41) -> 291.8 | I48: =MIN(IF(OR(Inputs!$C$68=0,((((Inputs!$C$68*COS(($B48))+Inputs!$B$68*SIN(($B48)))-Inputs!$B$5)*(E48-Inputs!$B$5)+((Inputs!$C$68*SIN(($B48))-Inputs!$B$68*COS(($B48)))-Inputs!$B$6)*(F48-Inputs!$B$6))/G48)<0,((((Inputs!$C$68*COS(($B48))+Inputs!$B$68*SIN(($B48)))-Inputs!$B$5)*(E48-Inputs!$B$5)+((Inputs!$C$68*SIN(($B48))-Inputs!$B$68*COS(($B48)))-Inputs!$B$6)*(F48-Inputs!$B$6))/G48)>G48-Inputs!$B$40),999,(ABS((E48-Inputs!$B$5)*((Inputs!$C$68*SIN(($B48))-Inputs!$B$68*COS(($B48)))-Inputs!$B$6)-(F48-Inputs!$B$6)*((Inputs!$C$68*COS(($B48))+Inputs!$B$68*SIN(($B48)))-Inputs!$B$5))/G48)-IF(((((Inputs!$C$68*COS(($B48))+Inputs!$B$68*SIN(($B48)))-Inputs!$B$5)*(E48-Inputs!$B$5)+((Inputs!$C$68*SIN(($B48))-Inputs!$B$68*COS(($B48)))-Inputs!$B$6)*(F48-Inputs!$B$6))/G48)<$B$16,$B$7/2,$B$8/2)-Inputs!$B$39),IF(OR(Inputs!$C$69=0,((((Inputs!$C$69*COS(($B48))+Inputs!$B$69*SIN(($B48)))-Inputs!$B$5)*(E48-Inputs!$B$5)+((Inputs!$C$69*SIN(($B48))-Inputs!$B$69*COS(($B48)))-Inputs!$B$6)*(F48-Inputs!$B$6))/G48)<0,((((Inputs!$C$69*COS(($B48))+Inputs!$B$69*SIN(($B48)))-Inputs!$B$5)*(E48-Inputs!$B$5)+((Inputs!$C$69*SIN(($B48))-Inputs!$B$69*COS(($B48)))-Inputs!$B$6)*(F48-Inputs!$B$6))/G48)>G48-Inputs!$B$40),999,(ABS((E48-Inputs!$B$5)*((Inputs!$C$69*SIN(($B48))-Inputs!$B$69*COS(($B48)))-Inputs!$B$6)-(F48-Inputs!$B$6)*((Inputs!$C$69*COS(($B48))+Inputs!$B$69*SIN(($B48)))-Inputs!$B$5))/G48)-IF(((((Inputs!$C$69*COS(($B48))+Inputs!$B$69*SIN(($B48)))-Inputs!$B$5)*(E48-Inputs!$B$5)+((Inputs!$C$69*SIN(($B48))-Inputs!$B$69*COS(($B48)))-Inputs!$B$6)*(F48-Inputs!$B$6))/G48)<$B$16,$B$7/2,$B$8/2)-Inputs!$B$39),IF(OR(Inputs!$C$70=0,((((Inputs!$C$70*COS(($B48))+Inputs!$B$70*SIN(($B48)))-Inputs!$B$5)*(E48-Inputs!$B$5)+((Inputs!$C$70*SIN(($B48))-Inputs!$B$70*COS(($B48)))-Inputs!$B$6)*(F48-Inputs!$B$6))/G48)<0,((((Inputs!$C$70*COS(($B48))+Inputs!$B$70*SIN(($B48)))-Inputs!$B$5)*(E48-Inputs!$B$5)+((Inputs!$C$70*SIN(($B48))-Inputs!$B$70*COS(($B48)))-Inputs!$B$6)*(F48-Inputs!$B$6))/G48)>G48-Inputs!$B$40),999,(ABS((E48-Inputs!$B$5)*((Inputs!$C$70*SIN(($B48))-Inputs!$B$70*COS(($B48)))-Inputs!$B$6)-(F48-Inputs!$B$6)*((Inputs!$C$70*COS(($B48))+Inputs!$B$70*SIN(($B48)))-Inputs!$B$5))/G48)-IF(((((Inputs!$C$70*COS(($B48))+Inputs!$B$70*SIN(($B48)))-Inputs!$B$5)*(E48-Inputs!$B$5)+((Inputs!$C$70*SIN(($B48))-Inputs!$B$70*COS(($B48)))-Inputs!$B$6)*(F48-Inputs!$B$6))/G48)<$B$16,$B$7/2,$B$8/2)-Inputs!$B$39),IF(OR(Inputs!$C$71=0,((((Inputs!$C$71*COS(($B48))+Inputs!$B$71*SIN(($B48)))-Inputs!$B$5)*(E48-Inputs!$B$5)+((Inputs!$C$71*SIN(($B48))-Inputs!$B$71*COS(($B48)))-Inputs!$B$6)*(F48-Inputs!$B$6))/G48)<0,((((Inputs!$C$71*COS(($B48))+Inputs!$B$71*SIN(($B48)))-Inputs!$B$5)*(E48-Inputs!$B$5)+((Inputs!$C$71*SIN(($B48))-Inputs!$B$71*COS(($B48)))-Inputs!$B$6)*(F48-Inputs!$B$6))/G48)>G48-Inputs!$B$40),999,(ABS((E48-Inputs!$B$5)*((Inputs!$C$71*SIN(($B48))-Inputs!$B$71*COS(($B48)))-Inputs!$B$6)-(F48-Inputs!$B$6)*((Inputs!$C$71*COS(($B48))+Inputs!$B$71*SIN(($B48)))-Inputs!$B$5))/G48)-IF(((((Inputs!$C$71*COS(($B48))+Inputs!$B$71*SIN(($B48)))-Inputs!$B$5)*(E48-Inputs!$B$5)+((Inputs!$C$71*SIN(($B48))-Inputs!$B$71*COS(($B48)))-Inputs!$B$6)*(F48-Inputs!$B$6))/G48)<$B$16,$B$7/2,$B$8/2)-Inputs!$B$39),IF(OR(Inputs!$C$72=0,((((Inputs!$C$72*COS(($B48))+Inputs!$B$72*SIN(($B48)))-Inputs!$B$5)*(E48-Inputs!$B$5)+((Inputs!$C$72*SIN(($B48))-Inputs!$B$72*COS(($B48)))-Inputs!$B$6)*(F48-Inputs!$B$6))/G48)<0,((((Inputs!$C$72*COS(($B48))+Inputs!$B$72*SIN(($B48)))-Inputs!$B$5)*(E48-Inputs!$B$5)+((Inputs!$C$72*SIN(($B48))-Inputs!$B$72*COS(($B48)))-Inputs!$B$6)*(F48-Inputs!$B$6))/G48)>G48-Inputs!$B$40),999,(ABS((E48-Inputs!$B$5)*((Inputs!$C$72*SIN(($B48))-Inputs!$B$72*COS(($B48)))-Inputs!$B$6)-(F48-Inputs!$B$6)*((Inputs!$C$72*COS(($B48))+Inputs!$B$72*SIN(($B48)))-Inputs!$B$5))/G48)-IF(((((Inputs!$C$72*COS(($B48))+Inputs!$B$72*SIN(($B48)))-Inputs!$B$5)*(E48-Inputs!$B$5)+((Inputs!$C$72*SIN(($B48))-Inputs!$B$72*COS(($B48)))-Inputs!$B$6)*(F48-Inputs!$B$6))/G48)<$B$16,$B$7/2,$B$8/2)-Inputs!$B$39)) -> 26.960639 | J48: =IF(AND(G48>=$B$14,G48<=$B$15,H48<=Inputs!$B$38,I48>=0,$D48=1),1,0) -> 1 | K48: =Inputs!$B$11*COS((-$B48))-Inputs!$B$7*SIN((-$B48)) -> 91.469212 | L48: =Inputs!$B$11*SIN((-$B48))+Inputs!$B$7*COS((-$B48)) -> -202.04347 | M48: =SQRT((K48-Inputs!$B$5)^2+(L48-Inputs!$B$6)^2) -> 341.11914 | N48: =MAX(MAX(Inputs!$B$5,(Inputs!$B$5+(K48-Inputs!$B$5)*MIN(1,$B$16/M48)))+$B$7/2,MAX((Inputs!$B$5+(K48-Inputs!$B$5)*MIN(1,$B$16/M48)),K48)+Inputs!$B$41) -> 291.8 | O48: =MIN(IF(OR(Inputs!$C$68=0,((((Inputs!$C$68*COS((-$B48))+Inputs!$B$68*SIN((-$B48)))-Inputs!$B$5)*(K48-Inputs!$B$5)+((Inputs!$C$68*SIN((-$B48))-Inputs!$B$68*COS((-$B48)))-Inputs!$B$6)*(L48-Inputs!$B$6))/M48)<0,((((Inputs!$C$68*COS((-$B48))+Inputs!$B$68*SIN((-$B48)))-Inputs!$B$5)*(K48-Inputs!$B$5)+((Inputs!$C$68*SIN((-$B48))-Inputs!$B$68*COS((-$B48)))-Inputs!$B$6)*(L48-Inputs!$B$6))/M48)>M48-Inputs!$B$40),999,(ABS((K48-Inputs!$B$5)*((Inputs!$C$68*SIN((-$B48))-Inputs!$B$68*COS((-$B48)))-Inputs!$B$6)-(L48-Inputs!$B$6)*((Inputs!$C$68*COS((-$B48))+Inputs!$B$68*SIN((-$B48)))-Inputs!$B$5))/M48)-IF(((((Inputs!$C$68*COS((-$B48))+Inputs!$B$68*SIN((-$B48)))-Inputs!$B$5)*(K48-Inputs!$B$5)+((Inputs!$C$68*SIN((-$B48))-Inputs!$B$68*COS((-$B48)))-Inputs!$B$6)*(L48-Inputs!$B$6))/M48)<$B$16,$B$7/2,$B$8/2)-Inputs!$B$39),IF(OR(Inputs!$C$69=0,((((Inputs!$C$69*COS((-$B48))+Inputs!$B$69*SIN((-$B48)))-Inputs!$B$5)*(K48-Inputs!$B$5)+((Inputs!$C$69*SIN((-$B48))-Inputs!$B$69*COS((-$B48)))-Inputs!$B$6)*(L48-Inputs!$B$6))/M48)<0,((((Inputs!$C$69*COS((-$B48))+Inputs!$B$69*SIN((-$B48)))-Inputs!$B$5)*(K48-Inputs!$B$5)+((Inputs!$C$69*SIN((-$B48))-Inputs!$B$69*COS((-$B48)))-Inputs!$B$6)*(L48-Inputs!$B$6))/M48)>M48-Inputs!$B$40),999,(ABS((K48-Inputs!$B$5)*((Inputs!$C$69*SIN((-$B48))-Inputs!$B$69*COS((-$B48)))-Inputs!$B$6)-(L48-Inputs!$B$6)*((Inputs!$C$69*COS((-$B48))+Inputs!$B$69*SIN((-$B48)))-Inputs!$B$5))/M48)-IF(((((Inputs!$C$69*COS((-$B48))+Inputs!$B$69*SIN((-$B48)))-Inputs!$B$5)*(K48-Inputs!$B$5)+((Inputs!$C$69*SIN((-$B48))-Inputs!$B$69*COS((-$B48)))-Inputs!$B$6)*(L48-Inputs!$B$6))/M48)<$B$16,$B$7/2,$B$8/2)-Inputs!$B$39),IF(OR(Inputs!$C$70=0,((((Inputs!$C$70*COS((-$B48))+Inputs!$B$70*SIN((-$B48)))-Inputs!$B$5)*(K48-Inputs!$B$5)+((Inputs!$C$70*SIN((-$B48))-Inputs!$B$70*COS((-$B48)))-Inputs!$B$6)*(L48-Inputs!$B$6))/M48)<0,((((Inputs!$C$70*COS((-$B48))+Inputs!$B$70*SIN((-$B48)))-Inputs!$B$5)*(K48-Inputs!$B$5)+((Inputs!$C$70*SIN((-$B48))-Inputs!$B$70*COS((-$B48)))-Inputs!$B$6)*(L48-Inputs!$B$6))/M48)>M48-Inputs!$B$40),999,(ABS((K48-Inputs!$B$5)*((Inputs!$C$70*SIN((-$B48))-Inputs!$B$70*COS((-$B48)))-Inputs!$B$6)-(L48-Inputs!$B$6)*((Inputs!$C$70*COS((-$B48))+Inputs!$B$70*SIN((-$B48)))-Inputs!$B$5))/M48)-IF(((((Inputs!$C$70*COS((-$B48))+Inputs!$B$70*SIN((-$B48)))-Inputs!$B$5)*(K48-Inputs!$B$5)+((Inputs!$C$70*SIN((-$B48))-Inputs!$B$70*COS((-$B48)))-Inputs!$B$6)*(L48-Inputs!$B$6))/M48)<$B$16,$B$7/2,$B$8/2)-Inputs!$B$39),IF(OR(Inputs!$C$71=0,((((Inputs!$C$71*COS((-$B48))+Inputs!$B$71*SIN((-$B48)))-Inputs!$B$5)*(K48-Inputs!$B$5)+((Inputs!$C$71*SIN((-$B48))-Inputs!$B$71*COS((-$B48)))-Inputs!$B$6)*(L48-Inputs!$B$6))/M48)<0,((((Inputs!$C$71*COS((-$B48))+Inputs!$B$71*SIN((-$B48)))-Inputs!$B$5)*(K48-Inputs!$B$5)+((Inputs!$C$71*SIN((-$B48))-Inputs!$B$71*COS((-$B48)))-Inputs!$B$6)*(L48-Inputs!$B$6))/M48)>M48-Inputs!$B$40),999,(ABS((K48-Inputs!$B$5)*((Inputs!$C$71*SIN((-$B48))-Inputs!$B$71*COS((-$B48)))-Inputs!$B$6)-(L48-Inputs!$B$6)*((Inputs!$C$71*COS((-$B48))+Inputs!$B$71*SIN((-$B48)))-Inputs!$B$5))/M48)-IF(((((Inputs!$C$71*COS((-$B48))+Inputs!$B$71*SIN((-$B48)))-Inputs!$B$5)*(K48-Inputs!$B$5)+((Inputs!$C$71*SIN((-$B48))-Inputs!$B$71*COS((-$B48)))-Inputs!$B$6)*(L48-Inputs!$B$6))/M48)<$B$16,$B$7/2,$B$8/2)-Inputs!$B$39),IF(OR(Inputs!$C$72=0,((((Inputs!$C$72*COS((-$B48))+Inputs!$B$72*SIN((-$B48)))-Inputs!$B$5)*(K48-Inputs!$B$5)+((Inputs!$C$72*SIN((-$B48))-Inputs!$B$72*COS((-$B48)))-Inputs!$B$6)*(L48-Inputs!$B$6))/M48)<0,((((Inputs!$C$72*COS((-$B48))+Inputs!$B$72*SIN((-$B48)))-Inputs!$B$5)*(K48-Inputs!$B$5)+((Inputs!$C$72*SIN((-$B48))-Inputs!$B$72*COS((-$B48)))-Inputs!$B$6)*(L48-Inputs!$B$6))/M48)>M48-Inputs!$B$40),999,(ABS((K48-Inputs!$B$5)*((Inputs!$C$72*SIN((-$B48))-Inputs!$B$72*COS((-$B48)))-Inputs!$B$6)-(L48-Inputs!$B$6)*((Inputs!$C$72*COS((-$B48))+Inputs!$B$72*SIN((-$B48)))-Inputs!$B$5))/M48)-IF(((((Inputs!$C$72*COS((-$B48))+Inputs!$B$72*SIN((-$B48)))-Inputs!$B$5)*(K48-Inputs!$B$5)+((Inputs!$C$72*SIN((-$B48))-Inputs!$B$72*COS((-$B48)))-Inputs!$B$6)*(L48-Inputs!$B$6))/M48)<$B$16,$B$7/2,$B$8/2)-Inputs!$B$39)) -> 23.770845 | P48: =IF(AND(M48>=$B$14,M48<=$B$15,N48<=Inputs!$B$38,O48>=0,$D48=1),1,0) -> 1 | X48: 6.5 | Y48: =IF(X48<0,INDEX($N$43:$N$163,MATCH(-X48,$A$43:$A$163,0)),INDEX($H$43:$H$163,MATCH(X48,$A$43:$A$163,0))) -> 291.8 | Z48: =Inputs!$B$38 -> 350 | AA48: =IF(X48<0,INDEX($O$43:$O$163,MATCH(-X48,$A$43:$A$163,0)),INDEX($I$43:$I$163,MATCH(X48,$A$43:$A$163,0))) -> 33.578936 | AB48: 0
A49: 1.5 | B49: =RADIANS(A49) -> 0.026179939 | C49: =MAX(Inputs!$C$68*COS($B49)+Inputs!$B$68*ABS(SIN($B49)),Inputs!$C$69*COS($B49)+Inputs!$B$69*ABS(SIN($B49)),Inputs!$C$70*COS($B49)+Inputs!$B$70*ABS(SIN($B49)),Inputs!$C$71*COS($B49)+Inputs!$B$71*ABS(SIN($B49)),Inputs!$C$72*COS($B49)+Inputs!$B$72*ABS(SIN($B49))) -> 90.440153 | D49: =IF(C49<=Inputs!$B$38,1,0) -> 1 | E49: =Inputs!$B$11*COS(($B49))-Inputs!$B$7*SIN(($B49)) -> 101.05754 | F49: =Inputs!$B$11*SIN(($B49))+Inputs!$B$7*COS(($B49)) -> -197.42227 | G49: =SQRT((E49-Inputs!$B$5)^2+(F49-Inputs!$B$6)^2) -> 332.63173 | H49: =MAX(MAX(Inputs!$B$5,(Inputs!$B$5+(E49-Inputs!$B$5)*MIN(1,$B$16/G49)))+$B$7/2,MAX((Inputs!$B$5+(E49-Inputs!$B$5)*MIN(1,$B$16/G49)),E49)+Inputs!$B$41) -> 291.8 | I49: =MIN(IF(OR(Inputs!$C$68=0,((((Inputs!$C$68*COS(($B49))+Inputs!$B$68*SIN(($B49)))-Inputs!$B$5)*(E49-Inputs!$B$5)+((Inputs!$C$68*SIN(($B49))-Inputs!$B$68*COS(($B49)))-Inputs!$B$6)*(F49-Inputs!$B$6))/G49)<0,((((Inputs!$C$68*COS(($B49))+Inputs!$B$68*SIN(($B49)))-Inputs!$B$5)*(E49-Inputs!$B$5)+((Inputs!$C$68*SIN(($B49))-Inputs!$B$68*COS(($B49)))-Inputs!$B$6)*(F49-Inputs!$B$6))/G49)>G49-Inputs!$B$40),999,(ABS((E49-Inputs!$B$5)*((Inputs!$C$68*SIN(($B49))-Inputs!$B$68*COS(($B49)))-Inputs!$B$6)-(F49-Inputs!$B$6)*((Inputs!$C$68*COS(($B49))+Inputs!$B$68*SIN(($B49)))-Inputs!$B$5))/G49)-IF(((((Inputs!$C$68*COS(($B49))+Inputs!$B$68*SIN(($B49)))-Inputs!$B$5)*(E49-Inputs!$B$5)+((Inputs!$C$68*SIN(($B49))-Inputs!$B$68*COS(($B49)))-Inputs!$B$6)*(F49-Inputs!$B$6))/G49)<$B$16,$B$7/2,$B$8/2)-Inputs!$B$39),IF(OR(Inputs!$C$69=0,((((Inputs!$C$69*COS(($B49))+Inputs!$B$69*SIN(($B49)))-Inputs!$B$5)*(E49-Inputs!$B$5)+((Inputs!$C$69*SIN(($B49))-Inputs!$B$69*COS(($B49)))-Inputs!$B$6)*(F49-Inputs!$B$6))/G49)<0,((((Inputs!$C$69*COS(($B49))+Inputs!$B$69*SIN(($B49)))-Inputs!$B$5)*(E49-Inputs!$B$5)+((Inputs!$C$69*SIN(($B49))-Inputs!$B$69*COS(($B49)))-Inputs!$B$6)*(F49-Inputs!$B$6))/G49)>G49-Inputs!$B$40),999,(ABS((E49-Inputs!$B$5)*((Inputs!$C$69*SIN(($B49))-Inputs!$B$69*COS(($B49)))-Inputs!$B$6)-(F49-Inputs!$B$6)*((Inputs!$C$69*COS(($B49))+Inputs!$B$69*SIN(($B49)))-Inputs!$B$5))/G49)-IF(((((Inputs!$C$69*COS(($B49))+Inputs!$B$69*SIN(($B49)))-Inputs!$B$5)*(E49-Inputs!$B$5)+((Inputs!$C$69*SIN(($B49))-Inputs!$B$69*COS(($B49)))-Inputs!$B$6)*(F49-Inputs!$B$6))/G49)<$B$16,$B$7/2,$B$8/2)-Inputs!$B$39),IF(OR(Inputs!$C$70=0,((((Inputs!$C$70*COS(($B49))+Inputs!$B$70*SIN(($B49)))-Inputs!$B$5)*(E49-Inputs!$B$5)+((Inputs!$C$70*SIN(($B49))-Inputs!$B$70*COS(($B49)))-Inputs!$B$6)*(F49-Inputs!$B$6))/G49)<0,((((Inputs!$C$70*COS(($B49))+Inputs!$B$70*SIN(($B49)))-Inputs!$B$5)*(E49-Inputs!$B$5)+((Inputs!$C$70*SIN(($B49))-Inputs!$B$70*COS(($B49)))-Inputs!$B$6)*(F49-Inputs!$B$6))/G49)>G49-Inputs!$B$40),999,(ABS((E49-Inputs!$B$5)*((Inputs!$C$70*SIN(($B49))-Inputs!$B$70*COS(($B49)))-Inputs!$B$6)-(F49-Inputs!$B$6)*((Inputs!$C$70*COS(($B49))+Inputs!$B$70*SIN(($B49)))-Inputs!$B$5))/G49)-IF(((((Inputs!$C$70*COS(($B49))+Inputs!$B$70*SIN(($B49)))-Inputs!$B$5)*(E49-Inputs!$B$5)+((Inputs!$C$70*SIN(($B49))-Inputs!$B$70*COS(($B49)))-Inputs!$B$6)*(F49-Inputs!$B$6))/G49)<$B$16,$B$7/2,$B$8/2)-Inputs!$B$39),IF(OR(Inputs!$C$71=0,((((Inputs!$C$71*COS(($B49))+Inputs!$B$71*SIN(($B49)))-Inputs!$B$5)*(E49-Inputs!$B$5)+((Inputs!$C$71*SIN(($B49))-Inputs!$B$71*COS(($B49)))-Inputs!$B$6)*(F49-Inputs!$B$6))/G49)<0,((((Inputs!$C$71*COS(($B49))+Inputs!$B$71*SIN(($B49)))-Inputs!$B$5)*(E49-Inputs!$B$5)+((Inputs!$C$71*SIN(($B49))-Inputs!$B$71*COS(($B49)))-Inputs!$B$6)*(F49-Inputs!$B$6))/G49)>G49-Inputs!$B$40),999,(ABS((E49-Inputs!$B$5)*((Inputs!$C$71*SIN(($B49))-Inputs!$B$71*COS(($B49)))-Inputs!$B$6)-(F49-Inputs!$B$6)*((Inputs!$C$71*COS(($B49))+Inputs!$B$71*SIN(($B49)))-Inputs!$B$5))/G49)-IF(((((Inputs!$C$71*COS(($B49))+Inputs!$B$71*SIN(($B49)))-Inputs!$B$5)*(E49-Inputs!$B$5)+((Inputs!$C$71*SIN(($B49))-Inputs!$B$71*COS(($B49)))-Inputs!$B$6)*(F49-Inputs!$B$6))/G49)<$B$16,$B$7/2,$B$8/2)-Inputs!$B$39),IF(OR(Inputs!$C$72=0,((((Inputs!$C$72*COS(($B49))+Inputs!$B$72*SIN(($B49)))-Inputs!$B$5)*(E49-Inputs!$B$5)+((Inputs!$C$72*SIN(($B49))-Inputs!$B$72*COS(($B49)))-Inputs!$B$6)*(F49-Inputs!$B$6))/G49)<0,((((Inputs!$C$72*COS(($B49))+Inputs!$B$72*SIN(($B49)))-Inputs!$B$5)*(E49-Inputs!$B$5)+((Inputs!$C$72*SIN(($B49))-Inputs!$B$72*COS(($B49)))-Inputs!$B$6)*(F49-Inputs!$B$6))/G49)>G49-Inputs!$B$40),999,(ABS((E49-Inputs!$B$5)*((Inputs!$C$72*SIN(($B49))-Inputs!$B$72*COS(($B49)))-Inputs!$B$6)-(F49-Inputs!$B$6)*((Inputs!$C$72*COS(($B49))+Inputs!$B$72*SIN(($B49)))-Inputs!$B$5))/G49)-IF(((((Inputs!$C$72*COS(($B49))+Inputs!$B$72*SIN(($B49)))-Inputs!$B$5)*(E49-Inputs!$B$5)+((Inputs!$C$72*SIN(($B49))-Inputs!$B$72*COS(($B49)))-Inputs!$B$6)*(F49-Inputs!$B$6))/G49)<$B$16,$B$7/2,$B$8/2)-Inputs!$B$39)) -> 27.278303 | J49: =IF(AND(G49>=$B$14,G49<=$B$15,H49<=Inputs!$B$38,I49>=0,$D49=1),1,0) -> 1 | K49: =Inputs!$B$11*COS((-$B49))-Inputs!$B$7*SIN((-$B49)) -> 90.586763 | L49: =Inputs!$B$11*SIN((-$B49))+Inputs!$B$7*COS((-$B49)) -> -202.44066 | M49: =SQRT((K49-Inputs!$B$5)^2+(L49-Inputs!$B$6)^2) -> 341.88146 | N49: =MAX(MAX(Inputs!$B$5,(Inputs!$B$5+(K49-Inputs!$B$5)*MIN(1,$B$16/M49)))+$B$7/2,MAX((Inputs!$B$5+(K49-Inputs!$B$5)*MIN(1,$B$16/M49)),K49)+Inputs!$B$41) -> 291.8 | O49: =MIN(IF(OR(Inputs!$C$68=0,((((Inputs!$C$68*COS((-$B49))+Inputs!$B$68*SIN((-$B49)))-Inputs!$B$5)*(K49-Inputs!$B$5)+((Inputs!$C$68*SIN((-$B49))-Inputs!$B$68*COS((-$B49)))-Inputs!$B$6)*(L49-Inputs!$B$6))/M49)<0,((((Inputs!$C$68*COS((-$B49))+Inputs!$B$68*SIN((-$B49)))-Inputs!$B$5)*(K49-Inputs!$B$5)+((Inputs!$C$68*SIN((-$B49))-Inputs!$B$68*COS((-$B49)))-Inputs!$B$6)*(L49-Inputs!$B$6))/M49)>M49-Inputs!$B$40),999,(ABS((K49-Inputs!$B$5)*((Inputs!$C$68*SIN((-$B49))-Inputs!$B$68*COS((-$B49)))-Inputs!$B$6)-(L49-Inputs!$B$6)*((Inputs!$C$68*COS((-$B49))+Inputs!$B$68*SIN((-$B49)))-Inputs!$B$5))/M49)-IF(((((Inputs!$C$68*COS((-$B49))+Inputs!$B$68*SIN((-$B49)))-Inputs!$B$5)*(K49-Inputs!$B$5)+((Inputs!$C$68*SIN((-$B49))-Inputs!$B$68*COS((-$B49)))-Inputs!$B$6)*(L49-Inputs!$B$6))/M49)<$B$16,$B$7/2,$B$8/2)-Inputs!$B$39),IF(OR(Inputs!$C$69=0,((((Inputs!$C$69*COS((-$B49))+Inputs!$B$69*SIN((-$B49)))-Inputs!$B$5)*(K49-Inputs!$B$5)+((Inputs!$C$69*SIN((-$B49))-Inputs!$B$69*COS((-$B49)))-Inputs!$B$6)*(L49-Inputs!$B$6))/M49)<0,((((Inputs!$C$69*COS((-$B49))+Inputs!$B$69*SIN((-$B49)))-Inputs!$B$5)*(K49-Inputs!$B$5)+((Inputs!$C$69*SIN((-$B49))-Inputs!$B$69*COS((-$B49)))-Inputs!$B$6)*(L49-Inputs!$B$6))/M49)>M49-Inputs!$B$40),999,(ABS((K49-Inputs!$B$5)*((Inputs!$C$69*SIN((-$B49))-Inputs!$B$69*COS((-$B49)))-Inputs!$B$6)-(L49-Inputs!$B$6)*((Inputs!$C$69*COS((-$B49))+Inputs!$B$69*SIN((-$B49)))-Inputs!$B$5))/M49)-IF(((((Inputs!$C$69*COS((-$B49))+Inputs!$B$69*SIN((-$B49)))-Inputs!$B$5)*(K49-Inputs!$B$5)+((Inputs!$C$69*SIN((-$B49))-Inputs!$B$69*COS((-$B49)))-Inputs!$B$6)*(L49-Inputs!$B$6))/M49)<$B$16,$B$7/2,$B$8/2)-Inputs!$B$39),IF(OR(Inputs!$C$70=0,((((Inputs!$C$70*COS((-$B49))+Inputs!$B$70*SIN((-$B49)))-Inputs!$B$5)*(K49-Inputs!$B$5)+((Inputs!$C$70*SIN((-$B49))-Inputs!$B$70*COS((-$B49)))-Inputs!$B$6)*(L49-Inputs!$B$6))/M49)<0,((((Inputs!$C$70*COS((-$B49))+Inputs!$B$70*SIN((-$B49)))-Inputs!$B$5)*(K49-Inputs!$B$5)+((Inputs!$C$70*SIN((-$B49))-Inputs!$B$70*COS((-$B49)))-Inputs!$B$6)*(L49-Inputs!$B$6))/M49)>M49-Inputs!$B$40),999,(ABS((K49-Inputs!$B$5)*((Inputs!$C$70*SIN((-$B49))-Inputs!$B$70*COS((-$B49)))-Inputs!$B$6)-(L49-Inputs!$B$6)*((Inputs!$C$70*COS((-$B49))+Inputs!$B$70*SIN((-$B49)))-Inputs!$B$5))/M49)-IF(((((Inputs!$C$70*COS((-$B49))+Inputs!$B$70*SIN((-$B49)))-Inputs!$B$5)*(K49-Inputs!$B$5)+((Inputs!$C$70*SIN((-$B49))-Inputs!$B$70*COS((-$B49)))-Inputs!$B$6)*(L49-Inputs!$B$6))/M49)<$B$16,$B$7/2,$B$8/2)-Inputs!$B$39),IF(OR(Inputs!$C$71=0,((((Inputs!$C$71*COS((-$B49))+Inputs!$B$71*SIN((-$B49)))-Inputs!$B$5)*(K49-Inputs!$B$5)+((Inputs!$C$71*SIN((-$B49))-Inputs!$B$71*COS((-$B49)))-Inputs!$B$6)*(L49-Inputs!$B$6))/M49)<0,((((Inputs!$C$71*COS((-$B49))+Inputs!$B$71*SIN((-$B49)))-Inputs!$B$5)*(K49-Inputs!$B$5)+((Inputs!$C$71*SIN((-$B49))-Inputs!$B$71*COS((-$B49)))-Inputs!$B$6)*(L49-Inputs!$B$6))/M49)>M49-Inputs!$B$40),999,(ABS((K49-Inputs!$B$5)*((Inputs!$C$71*SIN((-$B49))-Inputs!$B$71*COS((-$B49)))-Inputs!$B$6)-(L49-Inputs!$B$6)*((Inputs!$C$71*COS((-$B49))+Inputs!$B$71*SIN((-$B49)))-Inputs!$B$5))/M49)-IF(((((Inputs!$C$71*COS((-$B49))+Inputs!$B$71*SIN((-$B49)))-Inputs!$B$5)*(K49-Inputs!$B$5)+((Inputs!$C$71*SIN((-$B49))-Inputs!$B$71*COS((-$B49)))-Inputs!$B$6)*(L49-Inputs!$B$6))/M49)<$B$16,$B$7/2,$B$8/2)-Inputs!$B$39),IF(OR(Inputs!$C$72=0,((((Inputs!$C$72*COS((-$B49))+Inputs!$B$72*SIN((-$B49)))-Inputs!$B$5)*(K49-Inputs!$B$5)+((Inputs!$C$72*SIN((-$B49))-Inputs!$B$72*COS((-$B49)))-Inputs!$B$6)*(L49-Inputs!$B$6))/M49)<0,((((Inputs!$C$72*COS((-$B49))+Inputs!$B$72*SIN((-$B49)))-Inputs!$B$5)*(K49-Inputs!$B$5)+((Inputs!$C$72*SIN((-$B49))-Inputs!$B$72*COS((-$B49)))-Inputs!$B$6)*(L49-Inputs!$B$6))/M49)>M49-Inputs!$B$40),999,(ABS((K49-Inputs!$B$5)*((Inputs!$C$72*SIN((-$B49))-Inputs!$B$72*COS((-$B49)))-Inputs!$B$6)-(L49-Inputs!$B$6)*((Inputs!$C$72*COS((-$B49))+Inputs!$B$72*SIN((-$B49)))-Inputs!$B$5))/M49)-IF(((((Inputs!$C$72*COS((-$B49))+Inputs!$B$72*SIN((-$B49)))-Inputs!$B$5)*(K49-Inputs!$B$5)+((Inputs!$C$72*SIN((-$B49))-Inputs!$B$72*COS((-$B49)))-Inputs!$B$6)*(L49-Inputs!$B$6))/M49)<$B$16,$B$7/2,$B$8/2)-Inputs!$B$39)) -> 23.450575 | P49: =IF(AND(M49>=$B$14,M49<=$B$15,N49<=Inputs!$B$38,O49>=0,$D49=1),1,0) -> 1 | X49: 7 | Y49: =IF(X49<0,INDEX($N$43:$N$163,MATCH(-X49,$A$43:$A$163,0)),INDEX($H$43:$H$163,MATCH(X49,$A$43:$A$163,0))) -> 291.8 | Z49: =Inputs!$B$38 -> 350 | AA49: =IF(X49<0,INDEX($O$43:$O$163,MATCH(-X49,$A$43:$A$163,0)),INDEX($I$43:$I$163,MATCH(X49,$A$43:$A$163,0))) -> 34.2033 | AB49: 0
A50: 1.75 | B50: =RADIANS(A50) -> 0.030543262 | C50: =MAX(Inputs!$C$68*COS($B50)+Inputs!$B$68*ABS(SIN($B50)),Inputs!$C$69*COS($B50)+Inputs!$B$69*ABS(SIN($B50)),Inputs!$C$70*COS($B50)+Inputs!$B$70*ABS(SIN($B50)),Inputs!$C$71*COS($B50)+Inputs!$B$71*ABS(SIN($B50)),Inputs!$C$72*COS($B50)+Inputs!$B$72*ABS(SIN($B50))) -> 91.138187 | D50: =IF(C50<=Inputs!$B$38,1,0) -> 1 | E50: =Inputs!$B$11*COS(($B50))-Inputs!$B$7*SIN(($B50)) -> 101.918 | F50: =Inputs!$B$11*SIN(($B50))+Inputs!$B$7*COS(($B50)) -> -196.97945 | G50: =SQRT((E50-Inputs!$B$5)^2+(F50-Inputs!$B$6)^2) -> 331.85098 | H50: =MAX(MAX(Inputs!$B$5,(Inputs!$B$5+(E50-Inputs!$B$5)*MIN(1,$B$16/G50)))+$B$7/2,MAX((Inputs!$B$5+(E50-Inputs!$B$5)*MIN(1,$B$16/G50)),E50)+Inputs!$B$41) -> 291.8 | I50: =MIN(IF(OR(Inputs!$C$68=0,((((Inputs!$C$68*COS(($B50))+Inputs!$B$68*SIN(($B50)))-Inputs!$B$5)*(E50-Inputs!$B$5)+((Inputs!$C$68*SIN(($B50))-Inputs!$B$68*COS(($B50)))-Inputs!$B$6)*(F50-Inputs!$B$6))/G50)<0,((((Inputs!$C$68*COS(($B50))+Inputs!$B$68*SIN(($B50)))-Inputs!$B$5)*(E50-Inputs!$B$5)+((Inputs!$C$68*SIN(($B50))-Inputs!$B$68*COS(($B50)))-Inputs!$B$6)*(F50-Inputs!$B$6))/G50)>G50-Inputs!$B$40),999,(ABS((E50-Inputs!$B$5)*((Inputs!$C$68*SIN(($B50))-Inputs!$B$68*COS(($B50)))-Inputs!$B$6)-(F50-Inputs!$B$6)*((Inputs!$C$68*COS(($B50))+Inputs!$B$68*SIN(($B50)))-Inputs!$B$5))/G50)-IF(((((Inputs!$C$68*COS(($B50))+Inputs!$B$68*SIN(($B50)))-Inputs!$B$5)*(E50-Inputs!$B$5)+((Inputs!$C$68*SIN(($B50))-Inputs!$B$68*COS(($B50)))-Inputs!$B$6)*(F50-Inputs!$B$6))/G50)<$B$16,$B$7/2,$B$8/2)-Inputs!$B$39),IF(OR(Inputs!$C$69=0,((((Inputs!$C$69*COS(($B50))+Inputs!$B$69*SIN(($B50)))-Inputs!$B$5)*(E50-Inputs!$B$5)+((Inputs!$C$69*SIN(($B50))-Inputs!$B$69*COS(($B50)))-Inputs!$B$6)*(F50-Inputs!$B$6))/G50)<0,((((Inputs!$C$69*COS(($B50))+Inputs!$B$69*SIN(($B50)))-Inputs!$B$5)*(E50-Inputs!$B$5)+((Inputs!$C$69*SIN(($B50))-Inputs!$B$69*COS(($B50)))-Inputs!$B$6)*(F50-Inputs!$B$6))/G50)>G50-Inputs!$B$40),999,(ABS((E50-Inputs!$B$5)*((Inputs!$C$69*SIN(($B50))-Inputs!$B$69*COS(($B50)))-Inputs!$B$6)-(F50-Inputs!$B$6)*((Inputs!$C$69*COS(($B50))+Inputs!$B$69*SIN(($B50)))-Inputs!$B$5))/G50)-IF(((((Inputs!$C$69*COS(($B50))+Inputs!$B$69*SIN(($B50)))-Inputs!$B$5)*(E50-Inputs!$B$5)+((Inputs!$C$69*SIN(($B50))-Inputs!$B$69*COS(($B50)))-Inputs!$B$6)*(F50-Inputs!$B$6))/G50)<$B$16,$B$7/2,$B$8/2)-Inputs!$B$39),IF(OR(Inputs!$C$70=0,((((Inputs!$C$70*COS(($B50))+Inputs!$B$70*SIN(($B50)))-Inputs!$B$5)*(E50-Inputs!$B$5)+((Inputs!$C$70*SIN(($B50))-Inputs!$B$70*COS(($B50)))-Inputs!$B$6)*(F50-Inputs!$B$6))/G50)<0,((((Inputs!$C$70*COS(($B50))+Inputs!$B$70*SIN(($B50)))-Inputs!$B$5)*(E50-Inputs!$B$5)+((Inputs!$C$70*SIN(($B50))-Inputs!$B$70*COS(($B50)))-Inputs!$B$6)*(F50-Inputs!$B$6))/G50)>G50-Inputs!$B$40),999,(ABS((E50-Inputs!$B$5)*((Inputs!$C$70*SIN(($B50))-Inputs!$B$70*COS(($B50)))-Inputs!$B$6)-(F50-Inputs!$B$6)*((Inputs!$C$70*COS(($B50))+Inputs!$B$70*SIN(($B50)))-Inputs!$B$5))/G50)-IF(((((Inputs!$C$70*COS(($B50))+Inputs!$B$70*SIN(($B50)))-Inputs!$B$5)*(E50-Inputs!$B$5)+((Inputs!$C$70*SIN(($B50))-Inputs!$B$70*COS(($B50)))-Inputs!$B$6)*(F50-Inputs!$B$6))/G50)<$B$16,$B$7/2,$B$8/2)-Inputs!$B$39),IF(OR(Inputs!$C$71=0,((((Inputs!$C$71*COS(($B50))+Inputs!$B$71*SIN(($B50)))-Inputs!$B$5)*(E50-Inputs!$B$5)+((Inputs!$C$71*SIN(($B50))-Inputs!$B$71*COS(($B50)))-Inputs!$B$6)*(F50-Inputs!$B$6))/G50)<0,((((Inputs!$C$71*COS(($B50))+Inputs!$B$71*SIN(($B50)))-Inputs!$B$5)*(E50-Inputs!$B$5)+((Inputs!$C$71*SIN(($B50))-Inputs!$B$71*COS(($B50)))-Inputs!$B$6)*(F50-Inputs!$B$6))/G50)>G50-Inputs!$B$40),999,(ABS((E50-Inputs!$B$5)*((Inputs!$C$71*SIN(($B50))-Inputs!$B$71*COS(($B50)))-Inputs!$B$6)-(F50-Inputs!$B$6)*((Inputs!$C$71*COS(($B50))+Inputs!$B$71*SIN(($B50)))-Inputs!$B$5))/G50)-IF(((((Inputs!$C$71*COS(($B50))+Inputs!$B$71*SIN(($B50)))-Inputs!$B$5)*(E50-Inputs!$B$5)+((Inputs!$C$71*SIN(($B50))-Inputs!$B$71*COS(($B50)))-Inputs!$B$6)*(F50-Inputs!$B$6))/G50)<$B$16,$B$7/2,$B$8/2)-Inputs!$B$39),IF(OR(Inputs!$C$72=0,((((Inputs!$C$72*COS(($B50))+Inputs!$B$72*SIN(($B50)))-Inputs!$B$5)*(E50-Inputs!$B$5)+((Inputs!$C$72*SIN(($B50))-Inputs!$B$72*COS(($B50)))-Inputs!$B$6)*(F50-Inputs!$B$6))/G50)<0,((((Inputs!$C$72*COS(($B50))+Inputs!$B$72*SIN(($B50)))-Inputs!$B$5)*(E50-Inputs!$B$5)+((Inputs!$C$72*SIN(($B50))-Inputs!$B$72*COS(($B50)))-Inputs!$B$6)*(F50-Inputs!$B$6))/G50)>G50-Inputs!$B$40),999,(ABS((E50-Inputs!$B$5)*((Inputs!$C$72*SIN(($B50))-Inputs!$B$72*COS(($B50)))-Inputs!$B$6)-(F50-Inputs!$B$6)*((Inputs!$C$72*COS(($B50))+Inputs!$B$72*SIN(($B50)))-Inputs!$B$5))/G50)-IF(((((Inputs!$C$72*COS(($B50))+Inputs!$B$72*SIN(($B50)))-Inputs!$B$5)*(E50-Inputs!$B$5)+((Inputs!$C$72*SIN(($B50))-Inputs!$B$72*COS(($B50)))-Inputs!$B$6)*(F50-Inputs!$B$6))/G50)<$B$16,$B$7/2,$B$8/2)-Inputs!$B$39)) -> 27.595723 | J50: =IF(AND(G50>=$B$14,G50<=$B$15,H50<=Inputs!$B$38,I50>=0,$D50=1),1,0) -> 1 | K50: =Inputs!$B$11*COS((-$B50))-Inputs!$B$7*SIN((-$B50)) -> 89.70259 | L50: =Inputs!$B$11*SIN((-$B50))+Inputs!$B$7*COS((-$B50)) -> -202.83399 | M50: =SQRT((K50-Inputs!$B$5)^2+(L50-Inputs!$B$6)^2) -> 342.64221 | N50: =MAX(MAX(Inputs!$B$5,(Inputs!$B$5+(K50-Inputs!$B$5)*MIN(1,$B$16/M50)))+$B$7/2,MAX((Inputs!$B$5+(K50-Inputs!$B$5)*MIN(1,$B$16/M50)),K50)+Inputs!$B$41) -> 291.8 | O50: =MIN(IF(OR(Inputs!$C$68=0,((((Inputs!$C$68*COS((-$B50))+Inputs!$B$68*SIN((-$B50)))-Inputs!$B$5)*(K50-Inputs!$B$5)+((Inputs!$C$68*SIN((-$B50))-Inputs!$B$68*COS((-$B50)))-Inputs!$B$6)*(L50-Inputs!$B$6))/M50)<0,((((Inputs!$C$68*COS((-$B50))+Inputs!$B$68*SIN((-$B50)))-Inputs!$B$5)*(K50-Inputs!$B$5)+((Inputs!$C$68*SIN((-$B50))-Inputs!$B$68*COS((-$B50)))-Inputs!$B$6)*(L50-Inputs!$B$6))/M50)>M50-Inputs!$B$40),999,(ABS((K50-Inputs!$B$5)*((Inputs!$C$68*SIN((-$B50))-Inputs!$B$68*COS((-$B50)))-Inputs!$B$6)-(L50-Inputs!$B$6)*((Inputs!$C$68*COS((-$B50))+Inputs!$B$68*SIN((-$B50)))-Inputs!$B$5))/M50)-IF(((((Inputs!$C$68*COS((-$B50))+Inputs!$B$68*SIN((-$B50)))-Inputs!$B$5)*(K50-Inputs!$B$5)+((Inputs!$C$68*SIN((-$B50))-Inputs!$B$68*COS((-$B50)))-Inputs!$B$6)*(L50-Inputs!$B$6))/M50)<$B$16,$B$7/2,$B$8/2)-Inputs!$B$39),IF(OR(Inputs!$C$69=0,((((Inputs!$C$69*COS((-$B50))+Inputs!$B$69*SIN((-$B50)))-Inputs!$B$5)*(K50-Inputs!$B$5)+((Inputs!$C$69*SIN((-$B50))-Inputs!$B$69*COS((-$B50)))-Inputs!$B$6)*(L50-Inputs!$B$6))/M50)<0,((((Inputs!$C$69*COS((-$B50))+Inputs!$B$69*SIN((-$B50)))-Inputs!$B$5)*(K50-Inputs!$B$5)+((Inputs!$C$69*SIN((-$B50))-Inputs!$B$69*COS((-$B50)))-Inputs!$B$6)*(L50-Inputs!$B$6))/M50)>M50-Inputs!$B$40),999,(ABS((K50-Inputs!$B$5)*((Inputs!$C$69*SIN((-$B50))-Inputs!$B$69*COS((-$B50)))-Inputs!$B$6)-(L50-Inputs!$B$6)*((Inputs!$C$69*COS((-$B50))+Inputs!$B$69*SIN((-$B50)))-Inputs!$B$5))/M50)-IF(((((Inputs!$C$69*COS((-$B50))+Inputs!$B$69*SIN((-$B50)))-Inputs!$B$5)*(K50-Inputs!$B$5)+((Inputs!$C$69*SIN((-$B50))-Inputs!$B$69*COS((-$B50)))-Inputs!$B$6)*(L50-Inputs!$B$6))/M50)<$B$16,$B$7/2,$B$8/2)-Inputs!$B$39),IF(OR(Inputs!$C$70=0,((((Inputs!$C$70*COS((-$B50))+Inputs!$B$70*SIN((-$B50)))-Inputs!$B$5)*(K50-Inputs!$B$5)+((Inputs!$C$70*SIN((-$B50))-Inputs!$B$70*COS((-$B50)))-Inputs!$B$6)*(L50-Inputs!$B$6))/M50)<0,((((Inputs!$C$70*COS((-$B50))+Inputs!$B$70*SIN((-$B50)))-Inputs!$B$5)*(K50-Inputs!$B$5)+((Inputs!$C$70*SIN((-$B50))-Inputs!$B$70*COS((-$B50)))-Inputs!$B$6)*(L50-Inputs!$B$6))/M50)>M50-Inputs!$B$40),999,(ABS((K50-Inputs!$B$5)*((Inputs!$C$70*SIN((-$B50))-Inputs!$B$70*COS((-$B50)))-Inputs!$B$6)-(L50-Inputs!$B$6)*((Inputs!$C$70*COS((-$B50))+Inputs!$B$70*SIN((-$B50)))-Inputs!$B$5))/M50)-IF(((((Inputs!$C$70*COS((-$B50))+Inputs!$B$70*SIN((-$B50)))-Inputs!$B$5)*(K50-Inputs!$B$5)+((Inputs!$C$70*SIN((-$B50))-Inputs!$B$70*COS((-$B50)))-Inputs!$B$6)*(L50-Inputs!$B$6))/M50)<$B$16,$B$7/2,$B$8/2)-Inputs!$B$39),IF(OR(Inputs!$C$71=0,((((Inputs!$C$71*COS((-$B50))+Inputs!$B$71*SIN((-$B50)))-Inputs!$B$5)*(K50-Inputs!$B$5)+((Inputs!$C$71*SIN((-$B50))-Inputs!$B$71*COS((-$B50)))-Inputs!$B$6)*(L50-Inputs!$B$6))/M50)<0,((((Inputs!$C$71*COS((-$B50))+Inputs!$B$71*SIN((-$B50)))-Inputs!$B$5)*(K50-Inputs!$B$5)+((Inputs!$C$71*SIN((-$B50))-Inputs!$B$71*COS((-$B50)))-Inputs!$B$6)*(L50-Inputs!$B$6))/M50)>M50-Inputs!$B$40),999,(ABS((K50-Inputs!$B$5)*((Inputs!$C$71*SIN((-$B50))-Inputs!$B$71*COS((-$B50)))-Inputs!$B$6)-(L50-Inputs!$B$6)*((Inputs!$C$71*COS((-$B50))+Inputs!$B$71*SIN((-$B50)))-Inputs!$B$5))/M50)-IF(((((Inputs!$C$71*COS((-$B50))+Inputs!$B$71*SIN((-$B50)))-Inputs!$B$5)*(K50-Inputs!$B$5)+((Inputs!$C$71*SIN((-$B50))-Inputs!$B$71*COS((-$B50)))-Inputs!$B$6)*(L50-Inputs!$B$6))/M50)<$B$16,$B$7/2,$B$8/2)-Inputs!$B$39),IF(OR(Inputs!$C$72=0,((((Inputs!$C$72*COS((-$B50))+Inputs!$B$72*SIN((-$B50)))-Inputs!$B$5)*(K50-Inputs!$B$5)+((Inputs!$C$72*SIN((-$B50))-Inputs!$B$72*COS((-$B50)))-Inputs!$B$6)*(L50-Inputs!$B$6))/M50)<0,((((Inputs!$C$72*COS((-$B50))+Inputs!$B$72*SIN((-$B50)))-Inputs!$B$5)*(K50-Inputs!$B$5)+((Inputs!$C$72*SIN((-$B50))-Inputs!$B$72*COS((-$B50)))-Inputs!$B$6)*(L50-Inputs!$B$6))/M50)>M50-Inputs!$B$40),999,(ABS((K50-Inputs!$B$5)*((Inputs!$C$72*SIN((-$B50))-Inputs!$B$72*COS((-$B50)))-Inputs!$B$6)-(L50-Inputs!$B$6)*((Inputs!$C$72*COS((-$B50))+Inputs!$B$72*SIN((-$B50)))-Inputs!$B$5))/M50)-IF(((((Inputs!$C$72*COS((-$B50))+Inputs!$B$72*SIN((-$B50)))-Inputs!$B$5)*(K50-Inputs!$B$5)+((Inputs!$C$72*SIN((-$B50))-Inputs!$B$72*COS((-$B50)))-Inputs!$B$6)*(L50-Inputs!$B$6))/M50)<$B$16,$B$7/2,$B$8/2)-Inputs!$B$39)) -> 23.130075 | P50: =IF(AND(M50>=$B$14,M50<=$B$15,N50<=Inputs!$B$38,O50>=0,$D50=1),1,0) -> 1 | X50: 7.5 | Y50: =IF(X50<0,INDEX($N$43:$N$163,MATCH(-X50,$A$43:$A$163,0)),INDEX($H$43:$H$163,MATCH(X50,$A$43:$A$163,0))) -> 291.8 | Z50: =Inputs!$B$38 -> 350 | AA50: =IF(X50<0,INDEX($O$43:$O$163,MATCH(-X50,$A$43:$A$163,0)),INDEX($I$43:$I$163,MATCH(X50,$A$43:$A$163,0))) -> 34.826594 | AB50: 0
A51: 2 | B51: =RADIANS(A51) -> 0.034906585 | C51: =MAX(Inputs!$C$68*COS($B51)+Inputs!$B$68*ABS(SIN($B51)),Inputs!$C$69*COS($B51)+Inputs!$B$69*ABS(SIN($B51)),Inputs!$C$70*COS($B51)+Inputs!$B$70*ABS(SIN($B51)),Inputs!$C$71*COS($B51)+Inputs!$B$71*ABS(SIN($B51)),Inputs!$C$72*COS($B51)+Inputs!$B$72*ABS(SIN($B51))) -> 92.865537 | D51: =IF(C51<=Inputs!$B$38,1,0) -> 1 | E51: =Inputs!$B$11*COS(($B51))-Inputs!$B$7*SIN(($B51)) -> 102.77651 | F51: =Inputs!$B$11*SIN(($B51))+Inputs!$B$7*COS(($B51)) -> -196.53287 | G51: =SQRT((E51-Inputs!$B$5)^2+(F51-Inputs!$B$6)^2) -> 331.06873 | H51: =MAX(MAX(Inputs!$B$5,(Inputs!$B$5+(E51-Inputs!$B$5)*MIN(1,$B$16/G51)))+$B$7/2,MAX((Inputs!$B$5+(E51-Inputs!$B$5)*MIN(1,$B$16/G51)),E51)+Inputs!$B$41) -> 291.8 | I51: =MIN(IF(OR(Inputs!$C$68=0,((((Inputs!$C$68*COS(($B51))+Inputs!$B$68*SIN(($B51)))-Inputs!$B$5)*(E51-Inputs!$B$5)+((Inputs!$C$68*SIN(($B51))-Inputs!$B$68*COS(($B51)))-Inputs!$B$6)*(F51-Inputs!$B$6))/G51)<0,((((Inputs!$C$68*COS(($B51))+Inputs!$B$68*SIN(($B51)))-Inputs!$B$5)*(E51-Inputs!$B$5)+((Inputs!$C$68*SIN(($B51))-Inputs!$B$68*COS(($B51)))-Inputs!$B$6)*(F51-Inputs!$B$6))/G51)>G51-Inputs!$B$40),999,(ABS((E51-Inputs!$B$5)*((Inputs!$C$68*SIN(($B51))-Inputs!$B$68*COS(($B51)))-Inputs!$B$6)-(F51-Inputs!$B$6)*((Inputs!$C$68*COS(($B51))+Inputs!$B$68*SIN(($B51)))-Inputs!$B$5))/G51)-IF(((((Inputs!$C$68*COS(($B51))+Inputs!$B$68*SIN(($B51)))-Inputs!$B$5)*(E51-Inputs!$B$5)+((Inputs!$C$68*SIN(($B51))-Inputs!$B$68*COS(($B51)))-Inputs!$B$6)*(F51-Inputs!$B$6))/G51)<$B$16,$B$7/2,$B$8/2)-Inputs!$B$39),IF(OR(Inputs!$C$69=0,((((Inputs!$C$69*COS(($B51))+Inputs!$B$69*SIN(($B51)))-Inputs!$B$5)*(E51-Inputs!$B$5)+((Inputs!$C$69*SIN(($B51))-Inputs!$B$69*COS(($B51)))-Inputs!$B$6)*(F51-Inputs!$B$6))/G51)<0,((((Inputs!$C$69*COS(($B51))+Inputs!$B$69*SIN(($B51)))-Inputs!$B$5)*(E51-Inputs!$B$5)+((Inputs!$C$69*SIN(($B51))-Inputs!$B$69*COS(($B51)))-Inputs!$B$6)*(F51-Inputs!$B$6))/G51)>G51-Inputs!$B$40),999,(ABS((E51-Inputs!$B$5)*((Inputs!$C$69*SIN(($B51))-Inputs!$B$69*COS(($B51)))-Inputs!$B$6)-(F51-Inputs!$B$6)*((Inputs!$C$69*COS(($B51))+Inputs!$B$69*SIN(($B51)))-Inputs!$B$5))/G51)-IF(((((Inputs!$C$69*COS(($B51))+Inputs!$B$69*SIN(($B51)))-Inputs!$B$5)*(E51-Inputs!$B$5)+((Inputs!$C$69*SIN(($B51))-Inputs!$B$69*COS(($B51)))-Inputs!$B$6)*(F51-Inputs!$B$6))/G51)<$B$16,$B$7/2,$B$8/2)-Inputs!$B$39),IF(OR(Inputs!$C$70=0,((((Inputs!$C$70*COS(($B51))+Inputs!$B$70*SIN(($B51)))-Inputs!$B$5)*(E51-Inputs!$B$5)+((Inputs!$C$70*SIN(($B51))-Inputs!$B$70*COS(($B51)))-Inputs!$B$6)*(F51-Inputs!$B$6))/G51)<0,((((Inputs!$C$70*COS(($B51))+Inputs!$B$70*SIN(($B51)))-Inputs!$B$5)*(E51-Inputs!$B$5)+((Inputs!$C$70*SIN(($B51))-Inputs!$B$70*COS(($B51)))-Inputs!$B$6)*(F51-Inputs!$B$6))/G51)>G51-Inputs!$B$40),999,(ABS((E51-Inputs!$B$5)*((Inputs!$C$70*SIN(($B51))-Inputs!$B$70*COS(($B51)))-Inputs!$B$6)-(F51-Inputs!$B$6)*((Inputs!$C$70*COS(($B51))+Inputs!$B$70*SIN(($B51)))-Inputs!$B$5))/G51)-IF(((((Inputs!$C$70*COS(($B51))+Inputs!$B$70*SIN(($B51)))-Inputs!$B$5)*(E51-Inputs!$B$5)+((Inputs!$C$70*SIN(($B51))-Inputs!$B$70*COS(($B51)))-Inputs!$B$6)*(F51-Inputs!$B$6))/G51)<$B$16,$B$7/2,$B$8/2)-Inputs!$B$39),IF(OR(Inputs!$C$71=0,((((Inputs!$C$71*COS(($B51))+Inputs!$B$71*SIN(($B51)))-Inputs!$B$5)*(E51-Inputs!$B$5)+((Inputs!$C$71*SIN(($B51))-Inputs!$B$71*COS(($B51)))-Inputs!$B$6)*(F51-Inputs!$B$6))/G51)<0,((((Inputs!$C$71*COS(($B51))+Inputs!$B$71*SIN(($B51)))-Inputs!$B$5)*(E51-Inputs!$B$5)+((Inputs!$C$71*SIN(($B51))-Inputs!$B$71*COS(($B51)))-Inputs!$B$6)*(F51-Inputs!$B$6))/G51)>G51-Inputs!$B$40),999,(ABS((E51-Inputs!$B$5)*((Inputs!$C$71*SIN(($B51))-Inputs!$B$71*COS(($B51)))-Inputs!$B$6)-(F51-Inputs!$B$6)*((Inputs!$C$71*COS(($B51))+Inputs!$B$71*SIN(($B51)))-Inputs!$B$5))/G51)-IF(((((Inputs!$C$71*COS(($B51))+Inputs!$B$71*SIN(($B51)))-Inputs!$B$5)*(E51-Inputs!$B$5)+((Inputs!$C$71*SIN(($B51))-Inputs!$B$71*COS(($B51)))-Inputs!$B$6)*(F51-Inputs!$B$6))/G51)<$B$16,$B$7/2,$B$8/2)-Inputs!$B$39),IF(OR(Inputs!$C$72=0,((((Inputs!$C$72*COS(($B51))+Inputs!$B$72*SIN(($B51)))-Inputs!$B$5)*(E51-Inputs!$B$5)+((Inputs!$C$72*SIN(($B51))-Inputs!$B$72*COS(($B51)))-Inputs!$B$6)*(F51-Inputs!$B$6))/G51)<0,((((Inputs!$C$72*COS(($B51))+Inputs!$B$72*SIN(($B51)))-Inputs!$B$5)*(E51-Inputs!$B$5)+((Inputs!$C$72*SIN(($B51))-Inputs!$B$72*COS(($B51)))-Inputs!$B$6)*(F51-Inputs!$B$6))/G51)>G51-Inputs!$B$40),999,(ABS((E51-Inputs!$B$5)*((Inputs!$C$72*SIN(($B51))-Inputs!$B$72*COS(($B51)))-Inputs!$B$6)-(F51-Inputs!$B$6)*((Inputs!$C$72*COS(($B51))+Inputs!$B$72*SIN(($B51)))-Inputs!$B$5))/G51)-IF(((((Inputs!$C$72*COS(($B51))+Inputs!$B$72*SIN(($B51)))-Inputs!$B$5)*(E51-Inputs!$B$5)+((Inputs!$C$72*SIN(($B51))-Inputs!$B$72*COS(($B51)))-Inputs!$B$6)*(F51-Inputs!$B$6))/G51)<$B$16,$B$7/2,$B$8/2)-Inputs!$B$39)) -> 27.912898 | J51: =IF(AND(G51>=$B$14,G51<=$B$15,H51<=Inputs!$B$38,I51>=0,$D51=1),1,0) -> 1 | K51: =Inputs!$B$11*COS((-$B51))-Inputs!$B$7*SIN((-$B51)) -> 88.816708 | L51: =Inputs!$B$11*SIN((-$B51))+Inputs!$B$7*COS((-$B51)) -> -203.22346 | M51: =SQRT((K51-Inputs!$B$5)^2+(L51-Inputs!$B$6)^2) -> 343.4014 | N51: =MAX(MAX(Inputs!$B$5,(Inputs!$B$5+(K51-Inputs!$B$5)*MIN(1,$B$16/M51)))+$B$7/2,MAX((Inputs!$B$5+(K51-Inputs!$B$5)*MIN(1,$B$16/M51)),K51)+Inputs!$B$41) -> 291.8 | O51: =MIN(IF(OR(Inputs!$C$68=0,((((Inputs!$C$68*COS((-$B51))+Inputs!$B$68*SIN((-$B51)))-Inputs!$B$5)*(K51-Inputs!$B$5)+((Inputs!$C$68*SIN((-$B51))-Inputs!$B$68*COS((-$B51)))-Inputs!$B$6)*(L51-Inputs!$B$6))/M51)<0,((((Inputs!$C$68*COS((-$B51))+Inputs!$B$68*SIN((-$B51)))-Inputs!$B$5)*(K51-Inputs!$B$5)+((Inputs!$C$68*SIN((-$B51))-Inputs!$B$68*COS((-$B51)))-Inputs!$B$6)*(L51-Inputs!$B$6))/M51)>M51-Inputs!$B$40),999,(ABS((K51-Inputs!$B$5)*((Inputs!$C$68*SIN((-$B51))-Inputs!$B$68*COS((-$B51)))-Inputs!$B$6)-(L51-Inputs!$B$6)*((Inputs!$C$68*COS((-$B51))+Inputs!$B$68*SIN((-$B51)))-Inputs!$B$5))/M51)-IF(((((Inputs!$C$68*COS((-$B51))+Inputs!$B$68*SIN((-$B51)))-Inputs!$B$5)*(K51-Inputs!$B$5)+((Inputs!$C$68*SIN((-$B51))-Inputs!$B$68*COS((-$B51)))-Inputs!$B$6)*(L51-Inputs!$B$6))/M51)<$B$16,$B$7/2,$B$8/2)-Inputs!$B$39),IF(OR(Inputs!$C$69=0,((((Inputs!$C$69*COS((-$B51))+Inputs!$B$69*SIN((-$B51)))-Inputs!$B$5)*(K51-Inputs!$B$5)+((Inputs!$C$69*SIN((-$B51))-Inputs!$B$69*COS((-$B51)))-Inputs!$B$6)*(L51-Inputs!$B$6))/M51)<0,((((Inputs!$C$69*COS((-$B51))+Inputs!$B$69*SIN((-$B51)))-Inputs!$B$5)*(K51-Inputs!$B$5)+((Inputs!$C$69*SIN((-$B51))-Inputs!$B$69*COS((-$B51)))-Inputs!$B$6)*(L51-Inputs!$B$6))/M51)>M51-Inputs!$B$40),999,(ABS((K51-Inputs!$B$5)*((Inputs!$C$69*SIN((-$B51))-Inputs!$B$69*COS((-$B51)))-Inputs!$B$6)-(L51-Inputs!$B$6)*((Inputs!$C$69*COS((-$B51))+Inputs!$B$69*SIN((-$B51)))-Inputs!$B$5))/M51)-IF(((((Inputs!$C$69*COS((-$B51))+Inputs!$B$69*SIN((-$B51)))-Inputs!$B$5)*(K51-Inputs!$B$5)+((Inputs!$C$69*SIN((-$B51))-Inputs!$B$69*COS((-$B51)))-Inputs!$B$6)*(L51-Inputs!$B$6))/M51)<$B$16,$B$7/2,$B$8/2)-Inputs!$B$39),IF(OR(Inputs!$C$70=0,((((Inputs!$C$70*COS((-$B51))+Inputs!$B$70*SIN((-$B51)))-Inputs!$B$5)*(K51-Inputs!$B$5)+((Inputs!$C$70*SIN((-$B51))-Inputs!$B$70*COS((-$B51)))-Inputs!$B$6)*(L51-Inputs!$B$6))/M51)<0,((((Inputs!$C$70*COS((-$B51))+Inputs!$B$70*SIN((-$B51)))-Inputs!$B$5)*(K51-Inputs!$B$5)+((Inputs!$C$70*SIN((-$B51))-Inputs!$B$70*COS((-$B51)))-Inputs!$B$6)*(L51-Inputs!$B$6))/M51)>M51-Inputs!$B$40),999,(ABS((K51-Inputs!$B$5)*((Inputs!$C$70*SIN((-$B51))-Inputs!$B$70*COS((-$B51)))-Inputs!$B$6)-(L51-Inputs!$B$6)*((Inputs!$C$70*COS((-$B51))+Inputs!$B$70*SIN((-$B51)))-Inputs!$B$5))/M51)-IF(((((Inputs!$C$70*COS((-$B51))+Inputs!$B$70*SIN((-$B51)))-Inputs!$B$5)*(K51-Inputs!$B$5)+((Inputs!$C$70*SIN((-$B51))-Inputs!$B$70*COS((-$B51)))-Inputs!$B$6)*(L51-Inputs!$B$6))/M51)<$B$16,$B$7/2,$B$8/2)-Inputs!$B$39),IF(OR(Inputs!$C$71=0,((((Inputs!$C$71*COS((-$B51))+Inputs!$B$71*SIN((-$B51)))-Inputs!$B$5)*(K51-Inputs!$B$5)+((Inputs!$C$71*SIN((-$B51))-Inputs!$B$71*COS((-$B51)))-Inputs!$B$6)*(L51-Inputs!$B$6))/M51)<0,((((Inputs!$C$71*COS((-$B51))+Inputs!$B$71*SIN((-$B51)))-Inputs!$B$5)*(K51-Inputs!$B$5)+((Inputs!$C$71*SIN((-$B51))-Inputs!$B$71*COS((-$B51)))-Inputs!$B$6)*(L51-Inputs!$B$6))/M51)>M51-Inputs!$B$40),999,(ABS((K51-Inputs!$B$5)*((Inputs!$C$71*SIN((-$B51))-Inputs!$B$71*COS((-$B51)))-Inputs!$B$6)-(L51-Inputs!$B$6)*((Inputs!$C$71*COS((-$B51))+Inputs!$B$71*SIN((-$B51)))-Inputs!$B$5))/M51)-IF(((((Inputs!$C$71*COS((-$B51))+Inputs!$B$71*SIN((-$B51)))-Inputs!$B$5)*(K51-Inputs!$B$5)+((Inputs!$C$71*SIN((-$B51))-Inputs!$B$71*COS((-$B51)))-Inputs!$B$6)*(L51-Inputs!$B$6))/M51)<$B$16,$B$7/2,$B$8/2)-Inputs!$B$39),IF(OR(Inputs!$C$72=0,((((Inputs!$C$72*COS((-$B51))+Inputs!$B$72*SIN((-$B51)))-Inputs!$B$5)*(K51-Inputs!$B$5)+((Inputs!$C$72*SIN((-$B51))-Inputs!$B$72*COS((-$B51)))-Inputs!$B$6)*(L51-Inputs!$B$6))/M51)<0,((((Inputs!$C$72*COS((-$B51))+Inputs!$B$72*SIN((-$B51)))-Inputs!$B$5)*(K51-Inputs!$B$5)+((Inputs!$C$72*SIN((-$B51))-Inputs!$B$72*COS((-$B51)))-Inputs!$B$6)*(L51-Inputs!$B$6))/M51)>M51-Inputs!$B$40),999,(ABS((K51-Inputs!$B$5)*((Inputs!$C$72*SIN((-$B51))-Inputs!$B$72*COS((-$B51)))-Inputs!$B$6)-(L51-Inputs!$B$6)*((Inputs!$C$72*COS((-$B51))+Inputs!$B$72*SIN((-$B51)))-Inputs!$B$5))/M51)-IF(((((Inputs!$C$72*COS((-$B51))+Inputs!$B$72*SIN((-$B51)))-Inputs!$B$5)*(K51-Inputs!$B$5)+((Inputs!$C$72*SIN((-$B51))-Inputs!$B$72*COS((-$B51)))-Inputs!$B$6)*(L51-Inputs!$B$6))/M51)<$B$16,$B$7/2,$B$8/2)-Inputs!$B$39)) -> 22.809346 | P51: =IF(AND(M51>=$B$14,M51<=$B$15,N51<=Inputs!$B$38,O51>=0,$D51=1),1,0) -> 1 | X51: 8 | Y51: =IF(X51<0,INDEX($N$43:$N$163,MATCH(-X51,$A$43:$A$163,0)),INDEX($H$43:$H$163,MATCH(X51,$A$43:$A$163,0))) -> 291.8 | Z51: =Inputs!$B$38 -> 350 | AA51: =IF(X51<0,INDEX($O$43:$O$163,MATCH(-X51,$A$43:$A$163,0)),INDEX($I$43:$I$163,MATCH(X51,$A$43:$A$163,0))) -> 35.44881 | AB51: 0
A52: 2.25 | B52: =RADIANS(A52) -> 0.039269908 | C52: =MAX(Inputs!$C$68*COS($B52)+Inputs!$B$68*ABS(SIN($B52)),Inputs!$C$69*COS($B52)+Inputs!$B$69*ABS(SIN($B52)),Inputs!$C$70*COS($B52)+Inputs!$B$70*ABS(SIN($B52)),Inputs!$C$71*COS($B52)+Inputs!$B$71*ABS(SIN($B52)),Inputs!$C$72*COS($B52)+Inputs!$B$72*ABS(SIN($B52))) -> 94.591119 | D52: =IF(C52<=Inputs!$B$38,1,0) -> 1 | E52: =Inputs!$B$11*COS(($B52))-Inputs!$B$7*SIN(($B52)) -> 103.63306 | F52: =Inputs!$B$11*SIN(($B52))+Inputs!$B$7*COS(($B52)) -> -196.08256 | G52: =SQRT((E52-Inputs!$B$5)^2+(F52-Inputs!$B$6)^2) -> 330.28497 | H52: =MAX(MAX(Inputs!$B$5,(Inputs!$B$5+(E52-Inputs!$B$5)*MIN(1,$B$16/G52)))+$B$7/2,MAX((Inputs!$B$5+(E52-Inputs!$B$5)*MIN(1,$B$16/G52)),E52)+Inputs!$B$41) -> 291.8 | I52: =MIN(IF(OR(Inputs!$C$68=0,((((Inputs!$C$68*COS(($B52))+Inputs!$B$68*SIN(($B52)))-Inputs!$B$5)*(E52-Inputs!$B$5)+((Inputs!$C$68*SIN(($B52))-Inputs!$B$68*COS(($B52)))-Inputs!$B$6)*(F52-Inputs!$B$6))/G52)<0,((((Inputs!$C$68*COS(($B52))+Inputs!$B$68*SIN(($B52)))-Inputs!$B$5)*(E52-Inputs!$B$5)+((Inputs!$C$68*SIN(($B52))-Inputs!$B$68*COS(($B52)))-Inputs!$B$6)*(F52-Inputs!$B$6))/G52)>G52-Inputs!$B$40),999,(ABS((E52-Inputs!$B$5)*((Inputs!$C$68*SIN(($B52))-Inputs!$B$68*COS(($B52)))-Inputs!$B$6)-(F52-Inputs!$B$6)*((Inputs!$C$68*COS(($B52))+Inputs!$B$68*SIN(($B52)))-Inputs!$B$5))/G52)-IF(((((Inputs!$C$68*COS(($B52))+Inputs!$B$68*SIN(($B52)))-Inputs!$B$5)*(E52-Inputs!$B$5)+((Inputs!$C$68*SIN(($B52))-Inputs!$B$68*COS(($B52)))-Inputs!$B$6)*(F52-Inputs!$B$6))/G52)<$B$16,$B$7/2,$B$8/2)-Inputs!$B$39),IF(OR(Inputs!$C$69=0,((((Inputs!$C$69*COS(($B52))+Inputs!$B$69*SIN(($B52)))-Inputs!$B$5)*(E52-Inputs!$B$5)+((Inputs!$C$69*SIN(($B52))-Inputs!$B$69*COS(($B52)))-Inputs!$B$6)*(F52-Inputs!$B$6))/G52)<0,((((Inputs!$C$69*COS(($B52))+Inputs!$B$69*SIN(($B52)))-Inputs!$B$5)*(E52-Inputs!$B$5)+((Inputs!$C$69*SIN(($B52))-Inputs!$B$69*COS(($B52)))-Inputs!$B$6)*(F52-Inputs!$B$6))/G52)>G52-Inputs!$B$40),999,(ABS((E52-Inputs!$B$5)*((Inputs!$C$69*SIN(($B52))-Inputs!$B$69*COS(($B52)))-Inputs!$B$6)-(F52-Inputs!$B$6)*((Inputs!$C$69*COS(($B52))+Inputs!$B$69*SIN(($B52)))-Inputs!$B$5))/G52)-IF(((((Inputs!$C$69*COS(($B52))+Inputs!$B$69*SIN(($B52)))-Inputs!$B$5)*(E52-Inputs!$B$5)+((Inputs!$C$69*SIN(($B52))-Inputs!$B$69*COS(($B52)))-Inputs!$B$6)*(F52-Inputs!$B$6))/G52)<$B$16,$B$7/2,$B$8/2)-Inputs!$B$39),IF(OR(Inputs!$C$70=0,((((Inputs!$C$70*COS(($B52))+Inputs!$B$70*SIN(($B52)))-Inputs!$B$5)*(E52-Inputs!$B$5)+((Inputs!$C$70*SIN(($B52))-Inputs!$B$70*COS(($B52)))-Inputs!$B$6)*(F52-Inputs!$B$6))/G52)<0,((((Inputs!$C$70*COS(($B52))+Inputs!$B$70*SIN(($B52)))-Inputs!$B$5)*(E52-Inputs!$B$5)+((Inputs!$C$70*SIN(($B52))-Inputs!$B$70*COS(($B52)))-Inputs!$B$6)*(F52-Inputs!$B$6))/G52)>G52-Inputs!$B$40),999,(ABS((E52-Inputs!$B$5)*((Inputs!$C$70*SIN(($B52))-Inputs!$B$70*COS(($B52)))-Inputs!$B$6)-(F52-Inputs!$B$6)*((Inputs!$C$70*COS(($B52))+Inputs!$B$70*SIN(($B52)))-Inputs!$B$5))/G52)-IF(((((Inputs!$C$70*COS(($B52))+Inputs!$B$70*SIN(($B52)))-Inputs!$B$5)*(E52-Inputs!$B$5)+((Inputs!$C$70*SIN(($B52))-Inputs!$B$70*COS(($B52)))-Inputs!$B$6)*(F52-Inputs!$B$6))/G52)<$B$16,$B$7/2,$B$8/2)-Inputs!$B$39),IF(OR(Inputs!$C$71=0,((((Inputs!$C$71*COS(($B52))+Inputs!$B$71*SIN(($B52)))-Inputs!$B$5)*(E52-Inputs!$B$5)+((Inputs!$C$71*SIN(($B52))-Inputs!$B$71*COS(($B52)))-Inputs!$B$6)*(F52-Inputs!$B$6))/G52)<0,((((Inputs!$C$71*COS(($B52))+Inputs!$B$71*SIN(($B52)))-Inputs!$B$5)*(E52-Inputs!$B$5)+((Inputs!$C$71*SIN(($B52))-Inputs!$B$71*COS(($B52)))-Inputs!$B$6)*(F52-Inputs!$B$6))/G52)>G52-Inputs!$B$40),999,(ABS((E52-Inputs!$B$5)*((Inputs!$C$71*SIN(($B52))-Inputs!$B$71*COS(($B52)))-Inputs!$B$6)-(F52-Inputs!$B$6)*((Inputs!$C$71*COS(($B52))+Inputs!$B$71*SIN(($B52)))-Inputs!$B$5))/G52)-IF(((((Inputs!$C$71*COS(($B52))+Inputs!$B$71*SIN(($B52)))-Inputs!$B$5)*(E52-Inputs!$B$5)+((Inputs!$C$71*SIN(($B52))-Inputs!$B$71*COS(($B52)))-Inputs!$B$6)*(F52-Inputs!$B$6))/G52)<$B$16,$B$7/2,$B$8/2)-Inputs!$B$39),IF(OR(Inputs!$C$72=0,((((Inputs!$C$72*COS(($B52))+Inputs!$B$72*SIN(($B52)))-Inputs!$B$5)*(E52-Inputs!$B$5)+((Inputs!$C$72*SIN(($B52))-Inputs!$B$72*COS(($B52)))-Inputs!$B$6)*(F52-Inputs!$B$6))/G52)<0,((((Inputs!$C$72*COS(($B52))+Inputs!$B$72*SIN(($B52)))-Inputs!$B$5)*(E52-Inputs!$B$5)+((Inputs!$C$72*SIN(($B52))-Inputs!$B$72*COS(($B52)))-Inputs!$B$6)*(F52-Inputs!$B$6))/G52)>G52-Inputs!$B$40),999,(ABS((E52-Inputs!$B$5)*((Inputs!$C$72*SIN(($B52))-Inputs!$B$72*COS(($B52)))-Inputs!$B$6)-(F52-Inputs!$B$6)*((Inputs!$C$72*COS(($B52))+Inputs!$B$72*SIN(($B52)))-Inputs!$B$5))/G52)-IF(((((Inputs!$C$72*COS(($B52))+Inputs!$B$72*SIN(($B52)))-Inputs!$B$5)*(E52-Inputs!$B$5)+((Inputs!$C$72*SIN(($B52))-Inputs!$B$72*COS(($B52)))-Inputs!$B$6)*(F52-Inputs!$B$6))/G52)<$B$16,$B$7/2,$B$8/2)-Inputs!$B$39)) -> 28.229828 | J52: =IF(AND(G52>=$B$14,G52<=$B$15,H52<=Inputs!$B$38,I52>=0,$D52=1),1,0) -> 1 | K52: =Inputs!$B$11*COS((-$B52))-Inputs!$B$7*SIN((-$B52)) -> 87.929136 | L52: =Inputs!$B$11*SIN((-$B52))+Inputs!$B$7*COS((-$B52)) -> -203.60906 | M52: =SQRT((K52-Inputs!$B$5)^2+(L52-Inputs!$B$6)^2) -> 344.15901 | N52: =MAX(MAX(Inputs!$B$5,(Inputs!$B$5+(K52-Inputs!$B$5)*MIN(1,$B$16/M52)))+$B$7/2,MAX((Inputs!$B$5+(K52-Inputs!$B$5)*MIN(1,$B$16/M52)),K52)+Inputs!$B$41) -> 291.8 | O52: =MIN(IF(OR(Inputs!$C$68=0,((((Inputs!$C$68*COS((-$B52))+Inputs!$B$68*SIN((-$B52)))-Inputs!$B$5)*(K52-Inputs!$B$5)+((Inputs!$C$68*SIN((-$B52))-Inputs!$B$68*COS((-$B52)))-Inputs!$B$6)*(L52-Inputs!$B$6))/M52)<0,((((Inputs!$C$68*COS((-$B52))+Inputs!$B$68*SIN((-$B52)))-Inputs!$B$5)*(K52-Inputs!$B$5)+((Inputs!$C$68*SIN((-$B52))-Inputs!$B$68*COS((-$B52)))-Inputs!$B$6)*(L52-Inputs!$B$6))/M52)>M52-Inputs!$B$40),999,(ABS((K52-Inputs!$B$5)*((Inputs!$C$68*SIN((-$B52))-Inputs!$B$68*COS((-$B52)))-Inputs!$B$6)-(L52-Inputs!$B$6)*((Inputs!$C$68*COS((-$B52))+Inputs!$B$68*SIN((-$B52)))-Inputs!$B$5))/M52)-IF(((((Inputs!$C$68*COS((-$B52))+Inputs!$B$68*SIN((-$B52)))-Inputs!$B$5)*(K52-Inputs!$B$5)+((Inputs!$C$68*SIN((-$B52))-Inputs!$B$68*COS((-$B52)))-Inputs!$B$6)*(L52-Inputs!$B$6))/M52)<$B$16,$B$7/2,$B$8/2)-Inputs!$B$39),IF(OR(Inputs!$C$69=0,((((Inputs!$C$69*COS((-$B52))+Inputs!$B$69*SIN((-$B52)))-Inputs!$B$5)*(K52-Inputs!$B$5)+((Inputs!$C$69*SIN((-$B52))-Inputs!$B$69*COS((-$B52)))-Inputs!$B$6)*(L52-Inputs!$B$6))/M52)<0,((((Inputs!$C$69*COS((-$B52))+Inputs!$B$69*SIN((-$B52)))-Inputs!$B$5)*(K52-Inputs!$B$5)+((Inputs!$C$69*SIN((-$B52))-Inputs!$B$69*COS((-$B52)))-Inputs!$B$6)*(L52-Inputs!$B$6))/M52)>M52-Inputs!$B$40),999,(ABS((K52-Inputs!$B$5)*((Inputs!$C$69*SIN((-$B52))-Inputs!$B$69*COS((-$B52)))-Inputs!$B$6)-(L52-Inputs!$B$6)*((Inputs!$C$69*COS((-$B52))+Inputs!$B$69*SIN((-$B52)))-Inputs!$B$5))/M52)-IF(((((Inputs!$C$69*COS((-$B52))+Inputs!$B$69*SIN((-$B52)))-Inputs!$B$5)*(K52-Inputs!$B$5)+((Inputs!$C$69*SIN((-$B52))-Inputs!$B$69*COS((-$B52)))-Inputs!$B$6)*(L52-Inputs!$B$6))/M52)<$B$16,$B$7/2,$B$8/2)-Inputs!$B$39),IF(OR(Inputs!$C$70=0,((((Inputs!$C$70*COS((-$B52))+Inputs!$B$70*SIN((-$B52)))-Inputs!$B$5)*(K52-Inputs!$B$5)+((Inputs!$C$70*SIN((-$B52))-Inputs!$B$70*COS((-$B52)))-Inputs!$B$6)*(L52-Inputs!$B$6))/M52)<0,((((Inputs!$C$70*COS((-$B52))+Inputs!$B$70*SIN((-$B52)))-Inputs!$B$5)*(K52-Inputs!$B$5)+((Inputs!$C$70*SIN((-$B52))-Inputs!$B$70*COS((-$B52)))-Inputs!$B$6)*(L52-Inputs!$B$6))/M52)>M52-Inputs!$B$40),999,(ABS((K52-Inputs!$B$5)*((Inputs!$C$70*SIN((-$B52))-Inputs!$B$70*COS((-$B52)))-Inputs!$B$6)-(L52-Inputs!$B$6)*((Inputs!$C$70*COS((-$B52))+Inputs!$B$70*SIN((-$B52)))-Inputs!$B$5))/M52)-IF(((((Inputs!$C$70*COS((-$B52))+Inputs!$B$70*SIN((-$B52)))-Inputs!$B$5)*(K52-Inputs!$B$5)+((Inputs!$C$70*SIN((-$B52))-Inputs!$B$70*COS((-$B52)))-Inputs!$B$6)*(L52-Inputs!$B$6))/M52)<$B$16,$B$7/2,$B$8/2)-Inputs!$B$39),IF(OR(Inputs!$C$71=0,((((Inputs!$C$71*COS((-$B52))+Inputs!$B$71*SIN((-$B52)))-Inputs!$B$5)*(K52-Inputs!$B$5)+((Inputs!$C$71*SIN((-$B52))-Inputs!$B$71*COS((-$B52)))-Inputs!$B$6)*(L52-Inputs!$B$6))/M52)<0,((((Inputs!$C$71*COS((-$B52))+Inputs!$B$71*SIN((-$B52)))-Inputs!$B$5)*(K52-Inputs!$B$5)+((Inputs!$C$71*SIN((-$B52))-Inputs!$B$71*COS((-$B52)))-Inputs!$B$6)*(L52-Inputs!$B$6))/M52)>M52-Inputs!$B$40),999,(ABS((K52-Inputs!$B$5)*((Inputs!$C$71*SIN((-$B52))-Inputs!$B$71*COS((-$B52)))-Inputs!$B$6)-(L52-Inputs!$B$6)*((Inputs!$C$71*COS((-$B52))+Inputs!$B$71*SIN((-$B52)))-Inputs!$B$5))/M52)-IF(((((Inputs!$C$71*COS((-$B52))+Inputs!$B$71*SIN((-$B52)))-Inputs!$B$5)*(K52-Inputs!$B$5)+((Inputs!$C$71*SIN((-$B52))-Inputs!$B$71*COS((-$B52)))-Inputs!$B$6)*(L52-Inputs!$B$6))/M52)<$B$16,$B$7/2,$B$8/2)-Inputs!$B$39),IF(OR(Inputs!$C$72=0,((((Inputs!$C$72*COS((-$B52))+Inputs!$B$72*SIN((-$B52)))-Inputs!$B$5)*(K52-Inputs!$B$5)+((Inputs!$C$72*SIN((-$B52))-Inputs!$B$72*COS((-$B52)))-Inputs!$B$6)*(L52-Inputs!$B$6))/M52)<0,((((Inputs!$C$72*COS((-$B52))+Inputs!$B$72*SIN((-$B52)))-Inputs!$B$5)*(K52-Inputs!$B$5)+((Inputs!$C$72*SIN((-$B52))-Inputs!$B$72*COS((-$B52)))-Inputs!$B$6)*(L52-Inputs!$B$6))/M52)>M52-Inputs!$B$40),999,(ABS((K52-Inputs!$B$5)*((Inputs!$C$72*SIN((-$B52))-Inputs!$B$72*COS((-$B52)))-Inputs!$B$6)-(L52-Inputs!$B$6)*((Inputs!$C$72*COS((-$B52))+Inputs!$B$72*SIN((-$B52)))-Inputs!$B$5))/M52)-IF(((((Inputs!$C$72*COS((-$B52))+Inputs!$B$72*SIN((-$B52)))-Inputs!$B$5)*(K52-Inputs!$B$5)+((Inputs!$C$72*SIN((-$B52))-Inputs!$B$72*COS((-$B52)))-Inputs!$B$6)*(L52-Inputs!$B$6))/M52)<$B$16,$B$7/2,$B$8/2)-Inputs!$B$39)) -> 22.48839 | P52: =IF(AND(M52>=$B$14,M52<=$B$15,N52<=Inputs!$B$38,O52>=0,$D52=1),1,0) -> 1 | X52: 8.5 | Y52: =IF(X52<0,INDEX($N$43:$N$163,MATCH(-X52,$A$43:$A$163,0)),INDEX($H$43:$H$163,MATCH(X52,$A$43:$A$163,0))) -> 291.8 | Z52: =Inputs!$B$38 -> 350 | AA52: =IF(X52<0,INDEX($O$43:$O$163,MATCH(-X52,$A$43:$A$163,0)),INDEX($I$43:$I$163,MATCH(X52,$A$43:$A$163,0))) -> 36.069938 | AB52: 0
A53: 2.5 | B53: =RADIANS(A53) -> 0.043633231 | C53: =MAX(Inputs!$C$68*COS($B53)+Inputs!$B$68*ABS(SIN($B53)),Inputs!$C$69*COS($B53)+Inputs!$B$69*ABS(SIN($B53)),Inputs!$C$70*COS($B53)+Inputs!$B$70*ABS(SIN($B53)),Inputs!$C$71*COS($B53)+Inputs!$B$71*ABS(SIN($B53)),Inputs!$C$72*COS($B53)+Inputs!$B$72*ABS(SIN($B53))) -> 96.3149 | D53: =IF(C53<=Inputs!$B$38,1,0) -> 1 | E53: =Inputs!$B$11*COS(($B53))-Inputs!$B$7*SIN(($B53)) -> 104.48764 | F53: =Inputs!$B$11*SIN(($B53))+Inputs!$B$7*COS(($B53)) -> -195.62851 | G53: =SQRT((E53-Inputs!$B$5)^2+(F53-Inputs!$B$6)^2) -> 329.49971 | H53: =MAX(MAX(Inputs!$B$5,(Inputs!$B$5+(E53-Inputs!$B$5)*MIN(1,$B$16/G53)))+$B$7/2,MAX((Inputs!$B$5+(E53-Inputs!$B$5)*MIN(1,$B$16/G53)),E53)+Inputs!$B$41) -> 291.8 | I53: =MIN(IF(OR(Inputs!$C$68=0,((((Inputs!$C$68*COS(($B53))+Inputs!$B$68*SIN(($B53)))-Inputs!$B$5)*(E53-Inputs!$B$5)+((Inputs!$C$68*SIN(($B53))-Inputs!$B$68*COS(($B53)))-Inputs!$B$6)*(F53-Inputs!$B$6))/G53)<0,((((Inputs!$C$68*COS(($B53))+Inputs!$B$68*SIN(($B53)))-Inputs!$B$5)*(E53-Inputs!$B$5)+((Inputs!$C$68*SIN(($B53))-Inputs!$B$68*COS(($B53)))-Inputs!$B$6)*(F53-Inputs!$B$6))/G53)>G53-Inputs!$B$40),999,(ABS((E53-Inputs!$B$5)*((Inputs!$C$68*SIN(($B53))-Inputs!$B$68*COS(($B53)))-Inputs!$B$6)-(F53-Inputs!$B$6)*((Inputs!$C$68*COS(($B53))+Inputs!$B$68*SIN(($B53)))-Inputs!$B$5))/G53)-IF(((((Inputs!$C$68*COS(($B53))+Inputs!$B$68*SIN(($B53)))-Inputs!$B$5)*(E53-Inputs!$B$5)+((Inputs!$C$68*SIN(($B53))-Inputs!$B$68*COS(($B53)))-Inputs!$B$6)*(F53-Inputs!$B$6))/G53)<$B$16,$B$7/2,$B$8/2)-Inputs!$B$39),IF(OR(Inputs!$C$69=0,((((Inputs!$C$69*COS(($B53))+Inputs!$B$69*SIN(($B53)))-Inputs!$B$5)*(E53-Inputs!$B$5)+((Inputs!$C$69*SIN(($B53))-Inputs!$B$69*COS(($B53)))-Inputs!$B$6)*(F53-Inputs!$B$6))/G53)<0,((((Inputs!$C$69*COS(($B53))+Inputs!$B$69*SIN(($B53)))-Inputs!$B$5)*(E53-Inputs!$B$5)+((Inputs!$C$69*SIN(($B53))-Inputs!$B$69*COS(($B53)))-Inputs!$B$6)*(F53-Inputs!$B$6))/G53)>G53-Inputs!$B$40),999,(ABS((E53-Inputs!$B$5)*((Inputs!$C$69*SIN(($B53))-Inputs!$B$69*COS(($B53)))-Inputs!$B$6)-(F53-Inputs!$B$6)*((Inputs!$C$69*COS(($B53))+Inputs!$B$69*SIN(($B53)))-Inputs!$B$5))/G53)-IF(((((Inputs!$C$69*COS(($B53))+Inputs!$B$69*SIN(($B53)))-Inputs!$B$5)*(E53-Inputs!$B$5)+((Inputs!$C$69*SIN(($B53))-Inputs!$B$69*COS(($B53)))-Inputs!$B$6)*(F53-Inputs!$B$6))/G53)<$B$16,$B$7/2,$B$8/2)-Inputs!$B$39),IF(OR(Inputs!$C$70=0,((((Inputs!$C$70*COS(($B53))+Inputs!$B$70*SIN(($B53)))-Inputs!$B$5)*(E53-Inputs!$B$5)+((Inputs!$C$70*SIN(($B53))-Inputs!$B$70*COS(($B53)))-Inputs!$B$6)*(F53-Inputs!$B$6))/G53)<0,((((Inputs!$C$70*COS(($B53))+Inputs!$B$70*SIN(($B53)))-Inputs!$B$5)*(E53-Inputs!$B$5)+((Inputs!$C$70*SIN(($B53))-Inputs!$B$70*COS(($B53)))-Inputs!$B$6)*(F53-Inputs!$B$6))/G53)>G53-Inputs!$B$40),999,(ABS((E53-Inputs!$B$5)*((Inputs!$C$70*SIN(($B53))-Inputs!$B$70*COS(($B53)))-Inputs!$B$6)-(F53-Inputs!$B$6)*((Inputs!$C$70*COS(($B53))+Inputs!$B$70*SIN(($B53)))-Inputs!$B$5))/G53)-IF(((((Inputs!$C$70*COS(($B53))+Inputs!$B$70*SIN(($B53)))-Inputs!$B$5)*(E53-Inputs!$B$5)+((Inputs!$C$70*SIN(($B53))-Inputs!$B$70*COS(($B53)))-Inputs!$B$6)*(F53-Inputs!$B$6))/G53)<$B$16,$B$7/2,$B$8/2)-Inputs!$B$39),IF(OR(Inputs!$C$71=0,((((Inputs!$C$71*COS(($B53))+Inputs!$B$71*SIN(($B53)))-Inputs!$B$5)*(E53-Inputs!$B$5)+((Inputs!$C$71*SIN(($B53))-Inputs!$B$71*COS(($B53)))-Inputs!$B$6)*(F53-Inputs!$B$6))/G53)<0,((((Inputs!$C$71*COS(($B53))+Inputs!$B$71*SIN(($B53)))-Inputs!$B$5)*(E53-Inputs!$B$5)+((Inputs!$C$71*SIN(($B53))-Inputs!$B$71*COS(($B53)))-Inputs!$B$6)*(F53-Inputs!$B$6))/G53)>G53-Inputs!$B$40),999,(ABS((E53-Inputs!$B$5)*((Inputs!$C$71*SIN(($B53))-Inputs!$B$71*COS(($B53)))-Inputs!$B$6)-(F53-Inputs!$B$6)*((Inputs!$C$71*COS(($B53))+Inputs!$B$71*SIN(($B53)))-Inputs!$B$5))/G53)-IF(((((Inputs!$C$71*COS(($B53))+Inputs!$B$71*SIN(($B53)))-Inputs!$B$5)*(E53-Inputs!$B$5)+((Inputs!$C$71*SIN(($B53))-Inputs!$B$71*COS(($B53)))-Inputs!$B$6)*(F53-Inputs!$B$6))/G53)<$B$16,$B$7/2,$B$8/2)-Inputs!$B$39),IF(OR(Inputs!$C$72=0,((((Inputs!$C$72*COS(($B53))+Inputs!$B$72*SIN(($B53)))-Inputs!$B$5)*(E53-Inputs!$B$5)+((Inputs!$C$72*SIN(($B53))-Inputs!$B$72*COS(($B53)))-Inputs!$B$6)*(F53-Inputs!$B$6))/G53)<0,((((Inputs!$C$72*COS(($B53))+Inputs!$B$72*SIN(($B53)))-Inputs!$B$5)*(E53-Inputs!$B$5)+((Inputs!$C$72*SIN(($B53))-Inputs!$B$72*COS(($B53)))-Inputs!$B$6)*(F53-Inputs!$B$6))/G53)>G53-Inputs!$B$40),999,(ABS((E53-Inputs!$B$5)*((Inputs!$C$72*SIN(($B53))-Inputs!$B$72*COS(($B53)))-Inputs!$B$6)-(F53-Inputs!$B$6)*((Inputs!$C$72*COS(($B53))+Inputs!$B$72*SIN(($B53)))-Inputs!$B$5))/G53)-IF(((((Inputs!$C$72*COS(($B53))+Inputs!$B$72*SIN(($B53)))-Inputs!$B$5)*(E53-Inputs!$B$5)+((Inputs!$C$72*SIN(($B53))-Inputs!$B$72*COS(($B53)))-Inputs!$B$6)*(F53-Inputs!$B$6))/G53)<$B$16,$B$7/2,$B$8/2)-Inputs!$B$39)) -> 28.54651 | J53: =IF(AND(G53>=$B$14,G53<=$B$15,H53<=Inputs!$B$38,I53>=0,$D53=1),1,0) -> 1 | K53: =Inputs!$B$11*COS((-$B53))-Inputs!$B$7*SIN((-$B53)) -> 87.03989 | L53: =Inputs!$B$11*SIN((-$B53))+Inputs!$B$7*COS((-$B53)) -> -203.99078 | M53: =SQRT((K53-Inputs!$B$5)^2+(L53-Inputs!$B$6)^2) -> 344.91505 | N53: =MAX(MAX(Inputs!$B$5,(Inputs!$B$5+(K53-Inputs!$B$5)*MIN(1,$B$16/M53)))+$B$7/2,MAX((Inputs!$B$5+(K53-Inputs!$B$5)*MIN(1,$B$16/M53)),K53)+Inputs!$B$41) -> 291.8 | O53: =MIN(IF(OR(Inputs!$C$68=0,((((Inputs!$C$68*COS((-$B53))+Inputs!$B$68*SIN((-$B53)))-Inputs!$B$5)*(K53-Inputs!$B$5)+((Inputs!$C$68*SIN((-$B53))-Inputs!$B$68*COS((-$B53)))-Inputs!$B$6)*(L53-Inputs!$B$6))/M53)<0,((((Inputs!$C$68*COS((-$B53))+Inputs!$B$68*SIN((-$B53)))-Inputs!$B$5)*(K53-Inputs!$B$5)+((Inputs!$C$68*SIN((-$B53))-Inputs!$B$68*COS((-$B53)))-Inputs!$B$6)*(L53-Inputs!$B$6))/M53)>M53-Inputs!$B$40),999,(ABS((K53-Inputs!$B$5)*((Inputs!$C$68*SIN((-$B53))-Inputs!$B$68*COS((-$B53)))-Inputs!$B$6)-(L53-Inputs!$B$6)*((Inputs!$C$68*COS((-$B53))+Inputs!$B$68*SIN((-$B53)))-Inputs!$B$5))/M53)-IF(((((Inputs!$C$68*COS((-$B53))+Inputs!$B$68*SIN((-$B53)))-Inputs!$B$5)*(K53-Inputs!$B$5)+((Inputs!$C$68*SIN((-$B53))-Inputs!$B$68*COS((-$B53)))-Inputs!$B$6)*(L53-Inputs!$B$6))/M53)<$B$16,$B$7/2,$B$8/2)-Inputs!$B$39),IF(OR(Inputs!$C$69=0,((((Inputs!$C$69*COS((-$B53))+Inputs!$B$69*SIN((-$B53)))-Inputs!$B$5)*(K53-Inputs!$B$5)+((Inputs!$C$69*SIN((-$B53))-Inputs!$B$69*COS((-$B53)))-Inputs!$B$6)*(L53-Inputs!$B$6))/M53)<0,((((Inputs!$C$69*COS((-$B53))+Inputs!$B$69*SIN((-$B53)))-Inputs!$B$5)*(K53-Inputs!$B$5)+((Inputs!$C$69*SIN((-$B53))-Inputs!$B$69*COS((-$B53)))-Inputs!$B$6)*(L53-Inputs!$B$6))/M53)>M53-Inputs!$B$40),999,(ABS((K53-Inputs!$B$5)*((Inputs!$C$69*SIN((-$B53))-Inputs!$B$69*COS((-$B53)))-Inputs!$B$6)-(L53-Inputs!$B$6)*((Inputs!$C$69*COS((-$B53))+Inputs!$B$69*SIN((-$B53)))-Inputs!$B$5))/M53)-IF(((((Inputs!$C$69*COS((-$B53))+Inputs!$B$69*SIN((-$B53)))-Inputs!$B$5)*(K53-Inputs!$B$5)+((Inputs!$C$69*SIN((-$B53))-Inputs!$B$69*COS((-$B53)))-Inputs!$B$6)*(L53-Inputs!$B$6))/M53)<$B$16,$B$7/2,$B$8/2)-Inputs!$B$39),IF(OR(Inputs!$C$70=0,((((Inputs!$C$70*COS((-$B53))+Inputs!$B$70*SIN((-$B53)))-Inputs!$B$5)*(K53-Inputs!$B$5)+((Inputs!$C$70*SIN((-$B53))-Inputs!$B$70*COS((-$B53)))-Inputs!$B$6)*(L53-Inputs!$B$6))/M53)<0,((((Inputs!$C$70*COS((-$B53))+Inputs!$B$70*SIN((-$B53)))-Inputs!$B$5)*(K53-Inputs!$B$5)+((Inputs!$C$70*SIN((-$B53))-Inputs!$B$70*COS((-$B53)))-Inputs!$B$6)*(L53-Inputs!$B$6))/M53)>M53-Inputs!$B$40),999,(ABS((K53-Inputs!$B$5)*((Inputs!$C$70*SIN((-$B53))-Inputs!$B$70*COS((-$B53)))-Inputs!$B$6)-(L53-Inputs!$B$6)*((Inputs!$C$70*COS((-$B53))+Inputs!$B$70*SIN((-$B53)))-Inputs!$B$5))/M53)-IF(((((Inputs!$C$70*COS((-$B53))+Inputs!$B$70*SIN((-$B53)))-Inputs!$B$5)*(K53-Inputs!$B$5)+((Inputs!$C$70*SIN((-$B53))-Inputs!$B$70*COS((-$B53)))-Inputs!$B$6)*(L53-Inputs!$B$6))/M53)<$B$16,$B$7/2,$B$8/2)-Inputs!$B$39),IF(OR(Inputs!$C$71=0,((((Inputs!$C$71*COS((-$B53))+Inputs!$B$71*SIN((-$B53)))-Inputs!$B$5)*(K53-Inputs!$B$5)+((Inputs!$C$71*SIN((-$B53))-Inputs!$B$71*COS((-$B53)))-Inputs!$B$6)*(L53-Inputs!$B$6))/M53)<0,((((Inputs!$C$71*COS((-$B53))+Inputs!$B$71*SIN((-$B53)))-Inputs!$B$5)*(K53-Inputs!$B$5)+((Inputs!$C$71*SIN((-$B53))-Inputs!$B$71*COS((-$B53)))-Inputs!$B$6)*(L53-Inputs!$B$6))/M53)>M53-Inputs!$B$40),999,(ABS((K53-Inputs!$B$5)*((Inputs!$C$71*SIN((-$B53))-Inputs!$B$71*COS((-$B53)))-Inputs!$B$6)-(L53-Inputs!$B$6)*((Inputs!$C$71*COS((-$B53))+Inputs!$B$71*SIN((-$B53)))-Inputs!$B$5))/M53)-IF(((((Inputs!$C$71*COS((-$B53))+Inputs!$B$71*SIN((-$B53)))-Inputs!$B$5)*(K53-Inputs!$B$5)+((Inputs!$C$71*SIN((-$B53))-Inputs!$B$71*COS((-$B53)))-Inputs!$B$6)*(L53-Inputs!$B$6))/M53)<$B$16,$B$7/2,$B$8/2)-Inputs!$B$39),IF(OR(Inputs!$C$72=0,((((Inputs!$C$72*COS((-$B53))+Inputs!$B$72*SIN((-$B53)))-Inputs!$B$5)*(K53-Inputs!$B$5)+((Inputs!$C$72*SIN((-$B53))-Inputs!$B$72*COS((-$B53)))-Inputs!$B$6)*(L53-Inputs!$B$6))/M53)<0,((((Inputs!$C$72*COS((-$B53))+Inputs!$B$72*SIN((-$B53)))-Inputs!$B$5)*(K53-Inputs!$B$5)+((Inputs!$C$72*SIN((-$B53))-Inputs!$B$72*COS((-$B53)))-Inputs!$B$6)*(L53-Inputs!$B$6))/M53)>M53-Inputs!$B$40),999,(ABS((K53-Inputs!$B$5)*((Inputs!$C$72*SIN((-$B53))-Inputs!$B$72*COS((-$B53)))-Inputs!$B$6)-(L53-Inputs!$B$6)*((Inputs!$C$72*COS((-$B53))+Inputs!$B$72*SIN((-$B53)))-Inputs!$B$5))/M53)-IF(((((Inputs!$C$72*COS((-$B53))+Inputs!$B$72*SIN((-$B53)))-Inputs!$B$5)*(K53-Inputs!$B$5)+((Inputs!$C$72*SIN((-$B53))-Inputs!$B$72*COS((-$B53)))-Inputs!$B$6)*(L53-Inputs!$B$6))/M53)<$B$16,$B$7/2,$B$8/2)-Inputs!$B$39)) -> 22.167207 | P53: =IF(AND(M53>=$B$14,M53<=$B$15,N53<=Inputs!$B$38,O53>=0,$D53=1),1,0) -> 1 | X53: 9 | Y53: =IF(X53<0,INDEX($N$43:$N$163,MATCH(-X53,$A$43:$A$163,0)),INDEX($H$43:$H$163,MATCH(X53,$A$43:$A$163,0))) -> 291.8 | Z53: =Inputs!$B$38 -> 350 | AA53: =IF(X53<0,INDEX($O$43:$O$163,MATCH(-X53,$A$43:$A$163,0)),INDEX($I$43:$I$163,MATCH(X53,$A$43:$A$163,0))) -> 36.689971 | AB53: 0
A54: 2.75 | B54: =RADIANS(A54) -> 0.047996554 | C54: =MAX(Inputs!$C$68*COS($B54)+Inputs!$B$68*ABS(SIN($B54)),Inputs!$C$69*COS($B54)+Inputs!$B$69*ABS(SIN($B54)),Inputs!$C$70*COS($B54)+Inputs!$B$70*ABS(SIN($B54)),Inputs!$C$71*COS($B54)+Inputs!$B$71*ABS(SIN($B54)),Inputs!$C$72*COS($B54)+Inputs!$B$72*ABS(SIN($B54))) -> 98.036847 | D54: =IF(C54<=Inputs!$B$38,1,0) -> 1 | E54: =Inputs!$B$11*COS(($B54))-Inputs!$B$7*SIN(($B54)) -> 105.34024 | F54: =Inputs!$B$11*SIN(($B54))+Inputs!$B$7*COS(($B54)) -> -195.17073 | G54: =SQRT((E54-Inputs!$B$5)^2+(F54-Inputs!$B$6)^2) -> 328.71296 | H54: =MAX(MAX(Inputs!$B$5,(Inputs!$B$5+(E54-Inputs!$B$5)*MIN(1,$B$16/G54)))+$B$7/2,MAX((Inputs!$B$5+(E54-Inputs!$B$5)*MIN(1,$B$16/G54)),E54)+Inputs!$B$41) -> 291.8 | I54: =MIN(IF(OR(Inputs!$C$68=0,((((Inputs!$C$68*COS(($B54))+Inputs!$B$68*SIN(($B54)))-Inputs!$B$5)*(E54-Inputs!$B$5)+((Inputs!$C$68*SIN(($B54))-Inputs!$B$68*COS(($B54)))-Inputs!$B$6)*(F54-Inputs!$B$6))/G54)<0,((((Inputs!$C$68*COS(($B54))+Inputs!$B$68*SIN(($B54)))-Inputs!$B$5)*(E54-Inputs!$B$5)+((Inputs!$C$68*SIN(($B54))-Inputs!$B$68*COS(($B54)))-Inputs!$B$6)*(F54-Inputs!$B$6))/G54)>G54-Inputs!$B$40),999,(ABS((E54-Inputs!$B$5)*((Inputs!$C$68*SIN(($B54))-Inputs!$B$68*COS(($B54)))-Inputs!$B$6)-(F54-Inputs!$B$6)*((Inputs!$C$68*COS(($B54))+Inputs!$B$68*SIN(($B54)))-Inputs!$B$5))/G54)-IF(((((Inputs!$C$68*COS(($B54))+Inputs!$B$68*SIN(($B54)))-Inputs!$B$5)*(E54-Inputs!$B$5)+((Inputs!$C$68*SIN(($B54))-Inputs!$B$68*COS(($B54)))-Inputs!$B$6)*(F54-Inputs!$B$6))/G54)<$B$16,$B$7/2,$B$8/2)-Inputs!$B$39),IF(OR(Inputs!$C$69=0,((((Inputs!$C$69*COS(($B54))+Inputs!$B$69*SIN(($B54)))-Inputs!$B$5)*(E54-Inputs!$B$5)+((Inputs!$C$69*SIN(($B54))-Inputs!$B$69*COS(($B54)))-Inputs!$B$6)*(F54-Inputs!$B$6))/G54)<0,((((Inputs!$C$69*COS(($B54))+Inputs!$B$69*SIN(($B54)))-Inputs!$B$5)*(E54-Inputs!$B$5)+((Inputs!$C$69*SIN(($B54))-Inputs!$B$69*COS(($B54)))-Inputs!$B$6)*(F54-Inputs!$B$6))/G54)>G54-Inputs!$B$40),999,(ABS((E54-Inputs!$B$5)*((Inputs!$C$69*SIN(($B54))-Inputs!$B$69*COS(($B54)))-Inputs!$B$6)-(F54-Inputs!$B$6)*((Inputs!$C$69*COS(($B54))+Inputs!$B$69*SIN(($B54)))-Inputs!$B$5))/G54)-IF(((((Inputs!$C$69*COS(($B54))+Inputs!$B$69*SIN(($B54)))-Inputs!$B$5)*(E54-Inputs!$B$5)+((Inputs!$C$69*SIN(($B54))-Inputs!$B$69*COS(($B54)))-Inputs!$B$6)*(F54-Inputs!$B$6))/G54)<$B$16,$B$7/2,$B$8/2)-Inputs!$B$39),IF(OR(Inputs!$C$70=0,((((Inputs!$C$70*COS(($B54))+Inputs!$B$70*SIN(($B54)))-Inputs!$B$5)*(E54-Inputs!$B$5)+((Inputs!$C$70*SIN(($B54))-Inputs!$B$70*COS(($B54)))-Inputs!$B$6)*(F54-Inputs!$B$6))/G54)<0,((((Inputs!$C$70*COS(($B54))+Inputs!$B$70*SIN(($B54)))-Inputs!$B$5)*(E54-Inputs!$B$5)+((Inputs!$C$70*SIN(($B54))-Inputs!$B$70*COS(($B54)))-Inputs!$B$6)*(F54-Inputs!$B$6))/G54)>G54-Inputs!$B$40),999,(ABS((E54-Inputs!$B$5)*((Inputs!$C$70*SIN(($B54))-Inputs!$B$70*COS(($B54)))-Inputs!$B$6)-(F54-Inputs!$B$6)*((Inputs!$C$70*COS(($B54))+Inputs!$B$70*SIN(($B54)))-Inputs!$B$5))/G54)-IF(((((Inputs!$C$70*COS(($B54))+Inputs!$B$70*SIN(($B54)))-Inputs!$B$5)*(E54-Inputs!$B$5)+((Inputs!$C$70*SIN(($B54))-Inputs!$B$70*COS(($B54)))-Inputs!$B$6)*(F54-Inputs!$B$6))/G54)<$B$16,$B$7/2,$B$8/2)-Inputs!$B$39),IF(OR(Inputs!$C$71=0,((((Inputs!$C$71*COS(($B54))+Inputs!$B$71*SIN(($B54)))-Inputs!$B$5)*(E54-Inputs!$B$5)+((Inputs!$C$71*SIN(($B54))-Inputs!$B$71*COS(($B54)))-Inputs!$B$6)*(F54-Inputs!$B$6))/G54)<0,((((Inputs!$C$71*COS(($B54))+Inputs!$B$71*SIN(($B54)))-Inputs!$B$5)*(E54-Inputs!$B$5)+((Inputs!$C$71*SIN(($B54))-Inputs!$B$71*COS(($B54)))-Inputs!$B$6)*(F54-Inputs!$B$6))/G54)>G54-Inputs!$B$40),999,(ABS((E54-Inputs!$B$5)*((Inputs!$C$71*SIN(($B54))-Inputs!$B$71*COS(($B54)))-Inputs!$B$6)-(F54-Inputs!$B$6)*((Inputs!$C$71*COS(($B54))+Inputs!$B$71*SIN(($B54)))-Inputs!$B$5))/G54)-IF(((((Inputs!$C$71*COS(($B54))+Inputs!$B$71*SIN(($B54)))-Inputs!$B$5)*(E54-Inputs!$B$5)+((Inputs!$C$71*SIN(($B54))-Inputs!$B$71*COS(($B54)))-Inputs!$B$6)*(F54-Inputs!$B$6))/G54)<$B$16,$B$7/2,$B$8/2)-Inputs!$B$39),IF(OR(Inputs!$C$72=0,((((Inputs!$C$72*COS(($B54))+Inputs!$B$72*SIN(($B54)))-Inputs!$B$5)*(E54-Inputs!$B$5)+((Inputs!$C$72*SIN(($B54))-Inputs!$B$72*COS(($B54)))-Inputs!$B$6)*(F54-Inputs!$B$6))/G54)<0,((((Inputs!$C$72*COS(($B54))+Inputs!$B$72*SIN(($B54)))-Inputs!$B$5)*(E54-Inputs!$B$5)+((Inputs!$C$72*SIN(($B54))-Inputs!$B$72*COS(($B54)))-Inputs!$B$6)*(F54-Inputs!$B$6))/G54)>G54-Inputs!$B$40),999,(ABS((E54-Inputs!$B$5)*((Inputs!$C$72*SIN(($B54))-Inputs!$B$72*COS(($B54)))-Inputs!$B$6)-(F54-Inputs!$B$6)*((Inputs!$C$72*COS(($B54))+Inputs!$B$72*SIN(($B54)))-Inputs!$B$5))/G54)-IF(((((Inputs!$C$72*COS(($B54))+Inputs!$B$72*SIN(($B54)))-Inputs!$B$5)*(E54-Inputs!$B$5)+((Inputs!$C$72*SIN(($B54))-Inputs!$B$72*COS(($B54)))-Inputs!$B$6)*(F54-Inputs!$B$6))/G54)<$B$16,$B$7/2,$B$8/2)-Inputs!$B$39)) -> 28.862945 | J54: =IF(AND(G54>=$B$14,G54<=$B$15,H54<=Inputs!$B$38,I54>=0,$D54=1),1,0) -> 1 | K54: =Inputs!$B$11*COS((-$B54))-Inputs!$B$7*SIN((-$B54)) -> 86.148986 | L54: =Inputs!$B$11*SIN((-$B54))+Inputs!$B$7*COS((-$B54)) -> -204.36862 | M54: =SQRT((K54-Inputs!$B$5)^2+(L54-Inputs!$B$6)^2) -> 345.66951 | N54: =MAX(MAX(Inputs!$B$5,(Inputs!$B$5+(K54-Inputs!$B$5)*MIN(1,$B$16/M54)))+$B$7/2,MAX((Inputs!$B$5+(K54-Inputs!$B$5)*MIN(1,$B$16/M54)),K54)+Inputs!$B$41) -> 291.8 | O54: =MIN(IF(OR(Inputs!$C$68=0,((((Inputs!$C$68*COS((-$B54))+Inputs!$B$68*SIN((-$B54)))-Inputs!$B$5)*(K54-Inputs!$B$5)+((Inputs!$C$68*SIN((-$B54))-Inputs!$B$68*COS((-$B54)))-Inputs!$B$6)*(L54-Inputs!$B$6))/M54)<0,((((Inputs!$C$68*COS((-$B54))+Inputs!$B$68*SIN((-$B54)))-Inputs!$B$5)*(K54-Inputs!$B$5)+((Inputs!$C$68*SIN((-$B54))-Inputs!$B$68*COS((-$B54)))-Inputs!$B$6)*(L54-Inputs!$B$6))/M54)>M54-Inputs!$B$40),999,(ABS((K54-Inputs!$B$5)*((Inputs!$C$68*SIN((-$B54))-Inputs!$B$68*COS((-$B54)))-Inputs!$B$6)-(L54-Inputs!$B$6)*((Inputs!$C$68*COS((-$B54))+Inputs!$B$68*SIN((-$B54)))-Inputs!$B$5))/M54)-IF(((((Inputs!$C$68*COS((-$B54))+Inputs!$B$68*SIN((-$B54)))-Inputs!$B$5)*(K54-Inputs!$B$5)+((Inputs!$C$68*SIN((-$B54))-Inputs!$B$68*COS((-$B54)))-Inputs!$B$6)*(L54-Inputs!$B$6))/M54)<$B$16,$B$7/2,$B$8/2)-Inputs!$B$39),IF(OR(Inputs!$C$69=0,((((Inputs!$C$69*COS((-$B54))+Inputs!$B$69*SIN((-$B54)))-Inputs!$B$5)*(K54-Inputs!$B$5)+((Inputs!$C$69*SIN((-$B54))-Inputs!$B$69*COS((-$B54)))-Inputs!$B$6)*(L54-Inputs!$B$6))/M54)<0,((((Inputs!$C$69*COS((-$B54))+Inputs!$B$69*SIN((-$B54)))-Inputs!$B$5)*(K54-Inputs!$B$5)+((Inputs!$C$69*SIN((-$B54))-Inputs!$B$69*COS((-$B54)))-Inputs!$B$6)*(L54-Inputs!$B$6))/M54)>M54-Inputs!$B$40),999,(ABS((K54-Inputs!$B$5)*((Inputs!$C$69*SIN((-$B54))-Inputs!$B$69*COS((-$B54)))-Inputs!$B$6)-(L54-Inputs!$B$6)*((Inputs!$C$69*COS((-$B54))+Inputs!$B$69*SIN((-$B54)))-Inputs!$B$5))/M54)-IF(((((Inputs!$C$69*COS((-$B54))+Inputs!$B$69*SIN((-$B54)))-Inputs!$B$5)*(K54-Inputs!$B$5)+((Inputs!$C$69*SIN((-$B54))-Inputs!$B$69*COS((-$B54)))-Inputs!$B$6)*(L54-Inputs!$B$6))/M54)<$B$16,$B$7/2,$B$8/2)-Inputs!$B$39),IF(OR(Inputs!$C$70=0,((((Inputs!$C$70*COS((-$B54))+Inputs!$B$70*SIN((-$B54)))-Inputs!$B$5)*(K54-Inputs!$B$5)+((Inputs!$C$70*SIN((-$B54))-Inputs!$B$70*COS((-$B54)))-Inputs!$B$6)*(L54-Inputs!$B$6))/M54)<0,((((Inputs!$C$70*COS((-$B54))+Inputs!$B$70*SIN((-$B54)))-Inputs!$B$5)*(K54-Inputs!$B$5)+((Inputs!$C$70*SIN((-$B54))-Inputs!$B$70*COS((-$B54)))-Inputs!$B$6)*(L54-Inputs!$B$6))/M54)>M54-Inputs!$B$40),999,(ABS((K54-Inputs!$B$5)*((Inputs!$C$70*SIN((-$B54))-Inputs!$B$70*COS((-$B54)))-Inputs!$B$6)-(L54-Inputs!$B$6)*((Inputs!$C$70*COS((-$B54))+Inputs!$B$70*SIN((-$B54)))-Inputs!$B$5))/M54)-IF(((((Inputs!$C$70*COS((-$B54))+Inputs!$B$70*SIN((-$B54)))-Inputs!$B$5)*(K54-Inputs!$B$5)+((Inputs!$C$70*SIN((-$B54))-Inputs!$B$70*COS((-$B54)))-Inputs!$B$6)*(L54-Inputs!$B$6))/M54)<$B$16,$B$7/2,$B$8/2)-Inputs!$B$39),IF(OR(Inputs!$C$71=0,((((Inputs!$C$71*COS((-$B54))+Inputs!$B$71*SIN((-$B54)))-Inputs!$B$5)*(K54-Inputs!$B$5)+((Inputs!$C$71*SIN((-$B54))-Inputs!$B$71*COS((-$B54)))-Inputs!$B$6)*(L54-Inputs!$B$6))/M54)<0,((((Inputs!$C$71*COS((-$B54))+Inputs!$B$71*SIN((-$B54)))-Inputs!$B$5)*(K54-Inputs!$B$5)+((Inputs!$C$71*SIN((-$B54))-Inputs!$B$71*COS((-$B54)))-Inputs!$B$6)*(L54-Inputs!$B$6))/M54)>M54-Inputs!$B$40),999,(ABS((K54-Inputs!$B$5)*((Inputs!$C$71*SIN((-$B54))-Inputs!$B$71*COS((-$B54)))-Inputs!$B$6)-(L54-Inputs!$B$6)*((Inputs!$C$71*COS((-$B54))+Inputs!$B$71*SIN((-$B54)))-Inputs!$B$5))/M54)-IF(((((Inputs!$C$71*COS((-$B54))+Inputs!$B$71*SIN((-$B54)))-Inputs!$B$5)*(K54-Inputs!$B$5)+((Inputs!$C$71*SIN((-$B54))-Inputs!$B$71*COS((-$B54)))-Inputs!$B$6)*(L54-Inputs!$B$6))/M54)<$B$16,$B$7/2,$B$8/2)-Inputs!$B$39),IF(OR(Inputs!$C$72=0,((((Inputs!$C$72*COS((-$B54))+Inputs!$B$72*SIN((-$B54)))-Inputs!$B$5)*(K54-Inputs!$B$5)+((Inputs!$C$72*SIN((-$B54))-Inputs!$B$72*COS((-$B54)))-Inputs!$B$6)*(L54-Inputs!$B$6))/M54)<0,((((Inputs!$C$72*COS((-$B54))+Inputs!$B$72*SIN((-$B54)))-Inputs!$B$5)*(K54-Inputs!$B$5)+((Inputs!$C$72*SIN((-$B54))-Inputs!$B$72*COS((-$B54)))-Inputs!$B$6)*(L54-Inputs!$B$6))/M54)>M54-Inputs!$B$40),999,(ABS((K54-Inputs!$B$5)*((Inputs!$C$72*SIN((-$B54))-Inputs!$B$72*COS((-$B54)))-Inputs!$B$6)-(L54-Inputs!$B$6)*((Inputs!$C$72*COS((-$B54))+Inputs!$B$72*SIN((-$B54)))-Inputs!$B$5))/M54)-IF(((((Inputs!$C$72*COS((-$B54))+Inputs!$B$72*SIN((-$B54)))-Inputs!$B$5)*(K54-Inputs!$B$5)+((Inputs!$C$72*SIN((-$B54))-Inputs!$B$72*COS((-$B54)))-Inputs!$B$6)*(L54-Inputs!$B$6))/M54)<$B$16,$B$7/2,$B$8/2)-Inputs!$B$39)) -> 21.845799 | P54: =IF(AND(M54>=$B$14,M54<=$B$15,N54<=Inputs!$B$38,O54>=0,$D54=1),1,0) -> 1 | X54: 9.5 | Y54: =IF(X54<0,INDEX($N$43:$N$163,MATCH(-X54,$A$43:$A$163,0)),INDEX($H$43:$H$163,MATCH(X54,$A$43:$A$163,0))) -> 291.8 | Z54: =Inputs!$B$38 -> 350 | AA54: =IF(X54<0,INDEX($O$43:$O$163,MATCH(-X54,$A$43:$A$163,0)),INDEX($I$43:$I$163,MATCH(X54,$A$43:$A$163,0))) -> 37.308901 | AB54: 0
... A65: 5.5 | B65: =RADIANS(A65) -> 0.095993109 | C65: =MAX(Inputs!$C$68*COS($B65)+Inputs!$B$68*ABS(SIN($B65)),Inputs!$C$69*COS($B65)+Inputs!$B$69*ABS(SIN($B65)),Inputs!$C$70*COS($B65)+Inputs!$B$70*ABS(SIN($B65)),Inputs!$C$71*COS($B65)+Inputs!$B$71*ABS(SIN($B65)),Inputs!$C$72*COS($B65)+Inputs!$B$72*ABS(SIN($B65))) -> 116.84789 | D65: =IF(C65<=Inputs!$B$38,1,0) -> 1 | E65: =Inputs!$B$11*COS(($B65))-Inputs!$B$7*SIN(($B65)) -> 114.58285 | F65: =Inputs!$B$11*SIN(($B65))+Inputs!$B$7*COS(($B65)) -> -189.89195 | G65: =SQRT((E65-Inputs!$B$5)^2+(F65-Inputs!$B$6)^2) -> 319.96116 | H65: =MAX(MAX(Inputs!$B$5,(Inputs!$B$5+(E65-Inputs!$B$5)*MIN(1,$B$16/G65)))+$B$7/2,MAX((Inputs!$B$5+(E65-Inputs!$B$5)*MIN(1,$B$16/G65)),E65)+Inputs!$B$41) -> 291.8 | I65: =MIN(IF(OR(Inputs!$C$68=0,((((Inputs!$C$68*COS(($B65))+Inputs!$B$68*SIN(($B65)))-Inputs!$B$5)*(E65-Inputs!$B$5)+((Inputs!$C$68*SIN(($B65))-Inputs!$B$68*COS(($B65)))-Inputs!$B$6)*(F65-Inputs!$B$6))/G65)<0,((((Inputs!$C$68*COS(($B65))+Inputs!$B$68*SIN(($B65)))-Inputs!$B$5)*(E65-Inputs!$B$5)+((Inputs!$C$68*SIN(($B65))-Inputs!$B$68*COS(($B65)))-Inputs!$B$6)*(F65-Inputs!$B$6))/G65)>G65-Inputs!$B$40),999,(ABS((E65-Inputs!$B$5)*((Inputs!$C$68*SIN(($B65))-Inputs!$B$68*COS(($B65)))-Inputs!$B$6)-(F65-Inputs!$B$6)*((Inputs!$C$68*COS(($B65))+Inputs!$B$68*SIN(($B65)))-Inputs!$B$5))/G65)-IF(((((Inputs!$C$68*COS(($B65))+Inputs!$B$68*SIN(($B65)))-Inputs!$B$5)*(E65-Inputs!$B$5)+((Inputs!$C$68*SIN(($B65))-Inputs!$B$68*COS(($B65)))-Inputs!$B$6)*(F65-Inputs!$B$6))/G65)<$B$16,$B$7/2,$B$8/2)-Inputs!$B$39),IF(OR(Inputs!$C$69=0,((((Inputs!$C$69*COS(($B65))+Inputs!$B$69*SIN(($B65)))-Inputs!$B$5)*(E65-Inputs!$B$5)+((Inputs!$C$69*SIN(($B65))-Inputs!$B$69*COS(($B65)))-Inputs!$B$6)*(F65-Inputs!$B$6))/G65)<0,((((Inputs!$C$69*COS(($B65))+Inputs!$B$69*SIN(($B65)))-Inputs!$B$5)*(E65-Inputs!$B$5)+((Inputs!$C$69*SIN(($B65))-Inputs!$B$69*COS(($B65)))-Inputs!$B$6)*(F65-Inputs!$B$6))/G65)>G65-Inputs!$B$40),999,(ABS((E65-Inputs!$B$5)*((Inputs!$C$69*SIN(($B65))-Inputs!$B$69*COS(($B65)))-Inputs!$B$6)-(F65-Inputs!$B$6)*((Inputs!$C$69*COS(($B65))+Inputs!$B$69*SIN(($B65)))-Inputs!$B$5))/G65)-IF(((((Inputs!$C$69*COS(($B65))+Inputs!$B$69*SIN(($B65)))-Inputs!$B$5)*(E65-Inputs!$B$5)+((Inputs!$C$69*SIN(($B65))-Inputs!$B$69*COS(($B65)))-Inputs!$B$6)*(F65-Inputs!$B$6))/G65)<$B$16,$B$7/2,$B$8/2)-Inputs!$B$39),IF(OR(Inputs!$C$70=0,((((Inputs!$C$70*COS(($B65))+Inputs!$B$70*SIN(($B65)))-Inputs!$B$5)*(E65-Inputs!$B$5)+((Inputs!$C$70*SIN(($B65))-Inputs!$B$70*COS(($B65)))-Inputs!$B$6)*(F65-Inputs!$B$6))/G65)<0,((((Inputs!$C$70*COS(($B65))+Inputs!$B$70*SIN(($B65)))-Inputs!$B$5)*(E65-Inputs!$B$5)+((Inputs!$C$70*SIN(($B65))-Inputs!$B$70*COS(($B65)))-Inputs!$B$6)*(F65-Inputs!$B$6))/G65)>G65-Inputs!$B$40),999,(ABS((E65-Inputs!$B$5)*((Inputs!$C$70*SIN(($B65))-Inputs!$B$70*COS(($B65)))-Inputs!$B$6)-(F65-Inputs!$B$6)*((Inputs!$C$70*COS(($B65))+Inputs!$B$70*SIN(($B65)))-Inputs!$B$5))/G65)-IF(((((Inputs!$C$70*COS(($B65))+Inputs!$B$70*SIN(($B65)))-Inputs!$B$5)*(E65-Inputs!$B$5)+((Inputs!$C$70*SIN(($B65))-Inputs!$B$70*COS(($B65)))-Inputs!$B$6)*(F65-Inputs!$B$6))/G65)<$B$16,$B$7/2,$B$8/2)-Inputs!$B$39),IF(OR(Inputs!$C$71=0,((((Inputs!$C$71*COS(($B65))+Inputs!$B$71*SIN(($B65)))-Inputs!$B$5)*(E65-Inputs!$B$5)+((Inputs!$C$71*SIN(($B65))-Inputs!$B$71*COS(($B65)))-Inputs!$B$6)*(F65-Inputs!$B$6))/G65)<0,((((Inputs!$C$71*COS(($B65))+Inputs!$B$71*SIN(($B65)))-Inputs!$B$5)*(E65-Inputs!$B$5)+((Inputs!$C$71*SIN(($B65))-Inputs!$B$71*COS(($B65)))-Inputs!$B$6)*(F65-Inputs!$B$6))/G65)>G65-Inputs!$B$40),999,(ABS((E65-Inputs!$B$5)*((Inputs!$C$71*SIN(($B65))-Inputs!$B$71*COS(($B65)))-Inputs!$B$6)-(F65-Inputs!$B$6)*((Inputs!$C$71*COS(($B65))+Inputs!$B$71*SIN(($B65)))-Inputs!$B$5))/G65)-IF(((((Inputs!$C$71*COS(($B65))+Inputs!$B$71*SIN(($B65)))-Inputs!$B$5)*(E65-Inputs!$B$5)+((Inputs!$C$71*SIN(($B65))-Inputs!$B$71*COS(($B65)))-Inputs!$B$6)*(F65-Inputs!$B$6))/G65)<$B$16,$B$7/2,$B$8/2)-Inputs!$B$39),IF(OR(Inputs!$C$72=0,((((Inputs!$C$72*COS(($B65))+Inputs!$B$72*SIN(($B65)))-Inputs!$B$5)*(E65-Inputs!$B$5)+((Inputs!$C$72*SIN(($B65))-Inputs!$B$72*COS(($B65)))-Inputs!$B$6)*(F65-Inputs!$B$6))/G65)<0,((((Inputs!$C$72*COS(($B65))+Inputs!$B$72*SIN(($B65)))-Inputs!$B$5)*(E65-Inputs!$B$5)+((Inputs!$C$72*SIN(($B65))-Inputs!$B$72*COS(($B65)))-Inputs!$B$6)*(F65-Inputs!$B$6))/G65)>G65-Inputs!$B$40),999,(ABS((E65-Inputs!$B$5)*((Inputs!$C$72*SIN(($B65))-Inputs!$B$72*COS(($B65)))-Inputs!$B$6)-(F65-Inputs!$B$6)*((Inputs!$C$72*COS(($B65))+Inputs!$B$72*SIN(($B65)))-Inputs!$B$5))/G65)-IF(((((Inputs!$C$72*COS(($B65))+Inputs!$B$72*SIN(($B65)))-Inputs!$B$5)*(E65-Inputs!$B$5)+((Inputs!$C$72*SIN(($B65))-Inputs!$B$72*COS(($B65)))-Inputs!$B$6)*(F65-Inputs!$B$6))/G65)<$B$16,$B$7/2,$B$8/2)-Inputs!$B$39)) -> 32.327029 | J65: =IF(AND(G65>=$B$14,G65<=$B$15,H65<=Inputs!$B$38,I65>=0,$D65=1),1,0) -> 1 | K65: =Inputs!$B$11*COS((-$B65))-Inputs!$B$7*SIN((-$B65)) -> 76.244552 | L65: =Inputs!$B$11*SIN((-$B65))+Inputs!$B$7*COS((-$B65)) -> -208.26653 | M65: =SQRT((K65-Inputs!$B$5)^2+(L65-Inputs!$B$6)^2) -> 353.86327 | N65: =MAX(MAX(Inputs!$B$5,(Inputs!$B$5+(K65-Inputs!$B$5)*MIN(1,$B$16/M65)))+$B$7/2,MAX((Inputs!$B$5+(K65-Inputs!$B$5)*MIN(1,$B$16/M65)),K65)+Inputs!$B$41) -> 291.8 | O65: =MIN(IF(OR(Inputs!$C$68=0,((((Inputs!$C$68*COS((-$B65))+Inputs!$B$68*SIN((-$B65)))-Inputs!$B$5)*(K65-Inputs!$B$5)+((Inputs!$C$68*SIN((-$B65))-Inputs!$B$68*COS((-$B65)))-Inputs!$B$6)*(L65-Inputs!$B$6))/M65)<0,((((Inputs!$C$68*COS((-$B65))+Inputs!$B$68*SIN((-$B65)))-Inputs!$B$5)*(K65-Inputs!$B$5)+((Inputs!$C$68*SIN((-$B65))-Inputs!$B$68*COS((-$B65)))-Inputs!$B$6)*(L65-Inputs!$B$6))/M65)>M65-Inputs!$B$40),999,(ABS((K65-Inputs!$B$5)*((Inputs!$C$68*SIN((-$B65))-Inputs!$B$68*COS((-$B65)))-Inputs!$B$6)-(L65-Inputs!$B$6)*((Inputs!$C$68*COS((-$B65))+Inputs!$B$68*SIN((-$B65)))-Inputs!$B$5))/M65)-IF(((((Inputs!$C$68*COS((-$B65))+Inputs!$B$68*SIN((-$B65)))-Inputs!$B$5)*(K65-Inputs!$B$5)+((Inputs!$C$68*SIN((-$B65))-Inputs!$B$68*COS((-$B65)))-Inputs!$B$6)*(L65-Inputs!$B$6))/M65)<$B$16,$B$7/2,$B$8/2)-Inputs!$B$39),IF(OR(Inputs!$C$69=0,((((Inputs!$C$69*COS((-$B65))+Inputs!$B$69*SIN((-$B65)))-Inputs!$B$5)*(K65-Inputs!$B$5)+((Inputs!$C$69*SIN((-$B65))-Inputs!$B$69*COS((-$B65)))-Inputs!$B$6)*(L65-Inputs!$B$6))/M65)<0,((((Inputs!$C$69*COS((-$B65))+Inputs!$B$69*SIN((-$B65)))-Inputs!$B$5)*(K65-Inputs!$B$5)+((Inputs!$C$69*SIN((-$B65))-Inputs!$B$69*COS((-$B65)))-Inputs!$B$6)*(L65-Inputs!$B$6))/M65)>M65-Inputs!$B$40),999,(ABS((K65-Inputs!$B$5)*((Inputs!$C$69*SIN((-$B65))-Inputs!$B$69*COS((-$B65)))-Inputs!$B$6)-(L65-Inputs!$B$6)*((Inputs!$C$69*COS((-$B65))+Inputs!$B$69*SIN((-$B65)))-Inputs!$B$5))/M65)-IF(((((Inputs!$C$69*COS((-$B65))+Inputs!$B$69*SIN((-$B65)))-Inputs!$B$5)*(K65-Inputs!$B$5)+((Inputs!$C$69*SIN((-$B65))-Inputs!$B$69*COS((-$B65)))-Inputs!$B$6)*(L65-Inputs!$B$6))/M65)<$B$16,$B$7/2,$B$8/2)-Inputs!$B$39),IF(OR(Inputs!$C$70=0,((((Inputs!$C$70*COS((-$B65))+Inputs!$B$70*SIN((-$B65)))-Inputs!$B$5)*(K65-Inputs!$B$5)+((Inputs!$C$70*SIN((-$B65))-Inputs!$B$70*COS((-$B65)))-Inputs!$B$6)*(L65-Inputs!$B$6))/M65)<0,((((Inputs!$C$70*COS((-$B65))+Inputs!$B$70*SIN((-$B65)))-Inputs!$B$5)*(K65-Inputs!$B$5)+((Inputs!$C$70*SIN((-$B65))-Inputs!$B$70*COS((-$B65)))-Inputs!$B$6)*(L65-Inputs!$B$6))/M65)>M65-Inputs!$B$40),999,(ABS((K65-Inputs!$B$5)*((Inputs!$C$70*SIN((-$B65))-Inputs!$B$70*COS((-$B65)))-Inputs!$B$6)-(L65-Inputs!$B$6)*((Inputs!$C$70*COS((-$B65))+Inputs!$B$70*SIN((-$B65)))-Inputs!$B$5))/M65)-IF(((((Inputs!$C$70*COS((-$B65))+Inputs!$B$70*SIN((-$B65)))-Inputs!$B$5)*(K65-Inputs!$B$5)+((Inputs!$C$70*SIN((-$B65))-Inputs!$B$70*COS((-$B65)))-Inputs!$B$6)*(L65-Inputs!$B$6))/M65)<$B$16,$B$7/2,$B$8/2)-Inputs!$B$39),IF(OR(Inputs!$C$71=0,((((Inputs!$C$71*COS((-$B65))+Inputs!$B$71*SIN((-$B65)))-Inputs!$B$5)*(K65-Inputs!$B$5)+((Inputs!$C$71*SIN((-$B65))-Inputs!$B$71*COS((-$B65)))-Inputs!$B$6)*(L65-Inputs!$B$6))/M65)<0,((((Inputs!$C$71*COS((-$B65))+Inputs!$B$71*SIN((-$B65)))-Inputs!$B$5)*(K65-Inputs!$B$5)+((Inputs!$C$71*SIN((-$B65))-Inputs!$B$71*COS((-$B65)))-Inputs!$B$6)*(L65-Inputs!$B$6))/M65)>M65-Inputs!$B$40),999,(ABS((K65-Inputs!$B$5)*((Inputs!$C$71*SIN((-$B65))-Inputs!$B$71*COS((-$B65)))-Inputs!$B$6)-(L65-Inputs!$B$6)*((Inputs!$C$71*COS((-$B65))+Inputs!$B$71*SIN((-$B65)))-Inputs!$B$5))/M65)-IF(((((Inputs!$C$71*COS((-$B65))+Inputs!$B$71*SIN((-$B65)))-Inputs!$B$5)*(K65-Inputs!$B$5)+((Inputs!$C$71*SIN((-$B65))-Inputs!$B$71*COS((-$B65)))-Inputs!$B$6)*(L65-Inputs!$B$6))/M65)<$B$16,$B$7/2,$B$8/2)-Inputs!$B$39),IF(OR(Inputs!$C$72=0,((((Inputs!$C$72*COS((-$B65))+Inputs!$B$72*SIN((-$B65)))-Inputs!$B$5)*(K65-Inputs!$B$5)+((Inputs!$C$72*SIN((-$B65))-Inputs!$B$72*COS((-$B65)))-Inputs!$B$6)*(L65-Inputs!$B$6))/M65)<0,((((Inputs!$C$72*COS((-$B65))+Inputs!$B$72*SIN((-$B65)))-Inputs!$B$5)*(K65-Inputs!$B$5)+((Inputs!$C$72*SIN((-$B65))-Inputs!$B$72*COS((-$B65)))-Inputs!$B$6)*(L65-Inputs!$B$6))/M65)>M65-Inputs!$B$40),999,(ABS((K65-Inputs!$B$5)*((Inputs!$C$72*SIN((-$B65))-Inputs!$B$72*COS((-$B65)))-Inputs!$B$6)-(L65-Inputs!$B$6)*((Inputs!$C$72*COS((-$B65))+Inputs!$B$72*SIN((-$B65)))-Inputs!$B$5))/M65)-IF(((((Inputs!$C$72*COS((-$B65))+Inputs!$B$72*SIN((-$B65)))-Inputs!$B$5)*(K65-Inputs!$B$5)+((Inputs!$C$72*SIN((-$B65))-Inputs!$B$72*COS((-$B65)))-Inputs!$B$6)*(L65-Inputs!$B$6))/M65)<$B$16,$B$7/2,$B$8/2)-Inputs!$B$39)) -> 18.295773 | P65: =IF(AND(M65>=$B$14,M65<=$B$15,N65<=Inputs!$B$38,O65>=0,$D65=1),1,0) -> 1 | X65: 15 | Y65: =IF(X65<0,INDEX($N$43:$N$163,MATCH(-X65,$A$43:$A$163,0)),INDEX($H$43:$H$163,MATCH(X65,$A$43:$A$163,0))) -> 291.8 | Z65: =Inputs!$B$38 -> 350 | AA65: =IF(X65<0,INDEX($O$43:$O$163,MATCH(-X65,$A$43:$A$163,0)),INDEX($I$43:$I$163,MATCH(X65,$A$43:$A$163,0))) -> 42.561318 | AB65: 0
A66: 5.75 | B66: =RADIANS(A66) -> 0.10035643 | C66: =MAX(Inputs!$C$68*COS($B66)+Inputs!$B$68*ABS(SIN($B66)),Inputs!$C$69*COS($B66)+Inputs!$B$69*ABS(SIN($B66)),Inputs!$C$70*COS($B66)+Inputs!$B$70*ABS(SIN($B66)),Inputs!$C$71*COS($B66)+Inputs!$B$71*ABS(SIN($B66)),Inputs!$C$72*COS($B66)+Inputs!$B$72*ABS(SIN($B66))) -> 118.54529 | D66: =IF(C66<=Inputs!$B$38,1,0) -> 1 | E66: =Inputs!$B$11*COS(($B66))-Inputs!$B$7*SIN(($B66)) -> 115.41032 | F66: =Inputs!$B$11*SIN(($B66))+Inputs!$B$7*COS(($B66)) -> -189.39018 | G66: =SQRT((E66-Inputs!$B$5)^2+(F66-Inputs!$B$6)^2) -> 319.15679 | H66: =MAX(MAX(Inputs!$B$5,(Inputs!$B$5+(E66-Inputs!$B$5)*MIN(1,$B$16/G66)))+$B$7/2,MAX((Inputs!$B$5+(E66-Inputs!$B$5)*MIN(1,$B$16/G66)),E66)+Inputs!$B$41) -> 291.8 | I66: =MIN(IF(OR(Inputs!$C$68=0,((((Inputs!$C$68*COS(($B66))+Inputs!$B$68*SIN(($B66)))-Inputs!$B$5)*(E66-Inputs!$B$5)+((Inputs!$C$68*SIN(($B66))-Inputs!$B$68*COS(($B66)))-Inputs!$B$6)*(F66-Inputs!$B$6))/G66)<0,((((Inputs!$C$68*COS(($B66))+Inputs!$B$68*SIN(($B66)))-Inputs!$B$5)*(E66-Inputs!$B$5)+((Inputs!$C$68*SIN(($B66))-Inputs!$B$68*COS(($B66)))-Inputs!$B$6)*(F66-Inputs!$B$6))/G66)>G66-Inputs!$B$40),999,(ABS((E66-Inputs!$B$5)*((Inputs!$C$68*SIN(($B66))-Inputs!$B$68*COS(($B66)))-Inputs!$B$6)-(F66-Inputs!$B$6)*((Inputs!$C$68*COS(($B66))+Inputs!$B$68*SIN(($B66)))-Inputs!$B$5))/G66)-IF(((((Inputs!$C$68*COS(($B66))+Inputs!$B$68*SIN(($B66)))-Inputs!$B$5)*(E66-Inputs!$B$5)+((Inputs!$C$68*SIN(($B66))-Inputs!$B$68*COS(($B66)))-Inputs!$B$6)*(F66-Inputs!$B$6))/G66)<$B$16,$B$7/2,$B$8/2)-Inputs!$B$39),IF(OR(Inputs!$C$69=0,((((Inputs!$C$69*COS(($B66))+Inputs!$B$69*SIN(($B66)))-Inputs!$B$5)*(E66-Inputs!$B$5)+((Inputs!$C$69*SIN(($B66))-Inputs!$B$69*COS(($B66)))-Inputs!$B$6)*(F66-Inputs!$B$6))/G66)<0,((((Inputs!$C$69*COS(($B66))+Inputs!$B$69*SIN(($B66)))-Inputs!$B$5)*(E66-Inputs!$B$5)+((Inputs!$C$69*SIN(($B66))-Inputs!$B$69*COS(($B66)))-Inputs!$B$6)*(F66-Inputs!$B$6))/G66)>G66-Inputs!$B$40),999,(ABS((E66-Inputs!$B$5)*((Inputs!$C$69*SIN(($B66))-Inputs!$B$69*COS(($B66)))-Inputs!$B$6)-(F66-Inputs!$B$6)*((Inputs!$C$69*COS(($B66))+Inputs!$B$69*SIN(($B66)))-Inputs!$B$5))/G66)-IF(((((Inputs!$C$69*COS(($B66))+Inputs!$B$69*SIN(($B66)))-Inputs!$B$5)*(E66-Inputs!$B$5)+((Inputs!$C$69*SIN(($B66))-Inputs!$B$69*COS(($B66)))-Inputs!$B$6)*(F66-Inputs!$B$6))/G66)<$B$16,$B$7/2,$B$8/2)-Inputs!$B$39),IF(OR(Inputs!$C$70=0,((((Inputs!$C$70*COS(($B66))+Inputs!$B$70*SIN(($B66)))-Inputs!$B$5)*(E66-Inputs!$B$5)+((Inputs!$C$70*SIN(($B66))-Inputs!$B$70*COS(($B66)))-Inputs!$B$6)*(F66-Inputs!$B$6))/G66)<0,((((Inputs!$C$70*COS(($B66))+Inputs!$B$70*SIN(($B66)))-Inputs!$B$5)*(E66-Inputs!$B$5)+((Inputs!$C$70*SIN(($B66))-Inputs!$B$70*COS(($B66)))-Inputs!$B$6)*(F66-Inputs!$B$6))/G66)>G66-Inputs!$B$40),999,(ABS((E66-Inputs!$B$5)*((Inputs!$C$70*SIN(($B66))-Inputs!$B$70*COS(($B66)))-Inputs!$B$6)-(F66-Inputs!$B$6)*((Inputs!$C$70*COS(($B66))+Inputs!$B$70*SIN(($B66)))-Inputs!$B$5))/G66)-IF(((((Inputs!$C$70*COS(($B66))+Inputs!$B$70*SIN(($B66)))-Inputs!$B$5)*(E66-Inputs!$B$5)+((Inputs!$C$70*SIN(($B66))-Inputs!$B$70*COS(($B66)))-Inputs!$B$6)*(F66-Inputs!$B$6))/G66)<$B$16,$B$7/2,$B$8/2)-Inputs!$B$39),IF(OR(Inputs!$C$71=0,((((Inputs!$C$71*COS(($B66))+Inputs!$B$71*SIN(($B66)))-Inputs!$B$5)*(E66-Inputs!$B$5)+((Inputs!$C$71*SIN(($B66))-Inputs!$B$71*COS(($B66)))-Inputs!$B$6)*(F66-Inputs!$B$6))/G66)<0,((((Inputs!$C$71*COS(($B66))+Inputs!$B$71*SIN(($B66)))-Inputs!$B$5)*(E66-Inputs!$B$5)+((Inputs!$C$71*SIN(($B66))-Inputs!$B$71*COS(($B66)))-Inputs!$B$6)*(F66-Inputs!$B$6))/G66)>G66-Inputs!$B$40),999,(ABS((E66-Inputs!$B$5)*((Inputs!$C$71*SIN(($B66))-Inputs!$B$71*COS(($B66)))-Inputs!$B$6)-(F66-Inputs!$B$6)*((Inputs!$C$71*COS(($B66))+Inputs!$B$71*SIN(($B66)))-Inputs!$B$5))/G66)-IF(((((Inputs!$C$71*COS(($B66))+Inputs!$B$71*SIN(($B66)))-Inputs!$B$5)*(E66-Inputs!$B$5)+((Inputs!$C$71*SIN(($B66))-Inputs!$B$71*COS(($B66)))-Inputs!$B$6)*(F66-Inputs!$B$6))/G66)<$B$16,$B$7/2,$B$8/2)-Inputs!$B$39),IF(OR(Inputs!$C$72=0,((((Inputs!$C$72*COS(($B66))+Inputs!$B$72*SIN(($B66)))-Inputs!$B$5)*(E66-Inputs!$B$5)+((Inputs!$C$72*SIN(($B66))-Inputs!$B$72*COS(($B66)))-Inputs!$B$6)*(F66-Inputs!$B$6))/G66)<0,((((Inputs!$C$72*COS(($B66))+Inputs!$B$72*SIN(($B66)))-Inputs!$B$5)*(E66-Inputs!$B$5)+((Inputs!$C$72*SIN(($B66))-Inputs!$B$72*COS(($B66)))-Inputs!$B$6)*(F66-Inputs!$B$6))/G66)>G66-Inputs!$B$40),999,(ABS((E66-Inputs!$B$5)*((Inputs!$C$72*SIN(($B66))-Inputs!$B$72*COS(($B66)))-Inputs!$B$6)-(F66-Inputs!$B$6)*((Inputs!$C$72*COS(($B66))+Inputs!$B$72*SIN(($B66)))-Inputs!$B$5))/G66)-IF(((((Inputs!$C$72*COS(($B66))+Inputs!$B$72*SIN(($B66)))-Inputs!$B$5)*(E66-Inputs!$B$5)+((Inputs!$C$72*SIN(($B66))-Inputs!$B$72*COS(($B66)))-Inputs!$B$6)*(F66-Inputs!$B$6))/G66)<$B$16,$B$7/2,$B$8/2)-Inputs!$B$39)) -> 32.6404 | J66: =IF(AND(G66>=$B$14,G66<=$B$15,H66<=Inputs!$B$38,I66>=0,$D66=1),1,0) -> 1 | K66: =Inputs!$B$11*COS((-$B66))-Inputs!$B$7*SIN((-$B66)) -> 75.335095 | L66: =Inputs!$B$11*SIN((-$B66))+Inputs!$B$7*COS((-$B66)) -> -208.59723 | M66: =SQRT((K66-Inputs!$B$5)^2+(L66-Inputs!$B$6)^2) -> 354.59848 | N66: =MAX(MAX(Inputs!$B$5,(Inputs!$B$5+(K66-Inputs!$B$5)*MIN(1,$B$16/M66)))+$B$7/2,MAX((Inputs!$B$5+(K66-Inputs!$B$5)*MIN(1,$B$16/M66)),K66)+Inputs!$B$41) -> 291.8 | O66: =MIN(IF(OR(Inputs!$C$68=0,((((Inputs!$C$68*COS((-$B66))+Inputs!$B$68*SIN((-$B66)))-Inputs!$B$5)*(K66-Inputs!$B$5)+((Inputs!$C$68*SIN((-$B66))-Inputs!$B$68*COS((-$B66)))-Inputs!$B$6)*(L66-Inputs!$B$6))/M66)<0,((((Inputs!$C$68*COS((-$B66))+Inputs!$B$68*SIN((-$B66)))-Inputs!$B$5)*(K66-Inputs!$B$5)+((Inputs!$C$68*SIN((-$B66))-Inputs!$B$68*COS((-$B66)))-Inputs!$B$6)*(L66-Inputs!$B$6))/M66)>M66-Inputs!$B$40),999,(ABS((K66-Inputs!$B$5)*((Inputs!$C$68*SIN((-$B66))-Inputs!$B$68*COS((-$B66)))-Inputs!$B$6)-(L66-Inputs!$B$6)*((Inputs!$C$68*COS((-$B66))+Inputs!$B$68*SIN((-$B66)))-Inputs!$B$5))/M66)-IF(((((Inputs!$C$68*COS((-$B66))+Inputs!$B$68*SIN((-$B66)))-Inputs!$B$5)*(K66-Inputs!$B$5)+((Inputs!$C$68*SIN((-$B66))-Inputs!$B$68*COS((-$B66)))-Inputs!$B$6)*(L66-Inputs!$B$6))/M66)<$B$16,$B$7/2,$B$8/2)-Inputs!$B$39),IF(OR(Inputs!$C$69=0,((((Inputs!$C$69*COS((-$B66))+Inputs!$B$69*SIN((-$B66)))-Inputs!$B$5)*(K66-Inputs!$B$5)+((Inputs!$C$69*SIN((-$B66))-Inputs!$B$69*COS((-$B66)))-Inputs!$B$6)*(L66-Inputs!$B$6))/M66)<0,((((Inputs!$C$69*COS((-$B66))+Inputs!$B$69*SIN((-$B66)))-Inputs!$B$5)*(K66-Inputs!$B$5)+((Inputs!$C$69*SIN((-$B66))-Inputs!$B$69*COS((-$B66)))-Inputs!$B$6)*(L66-Inputs!$B$6))/M66)>M66-Inputs!$B$40),999,(ABS((K66-Inputs!$B$5)*((Inputs!$C$69*SIN((-$B66))-Inputs!$B$69*COS((-$B66)))-Inputs!$B$6)-(L66-Inputs!$B$6)*((Inputs!$C$69*COS((-$B66))+Inputs!$B$69*SIN((-$B66)))-Inputs!$B$5))/M66)-IF(((((Inputs!$C$69*COS((-$B66))+Inputs!$B$69*SIN((-$B66)))-Inputs!$B$5)*(K66-Inputs!$B$5)+((Inputs!$C$69*SIN((-$B66))-Inputs!$B$69*COS((-$B66)))-Inputs!$B$6)*(L66-Inputs!$B$6))/M66)<$B$16,$B$7/2,$B$8/2)-Inputs!$B$39),IF(OR(Inputs!$C$70=0,((((Inputs!$C$70*COS((-$B66))+Inputs!$B$70*SIN((-$B66)))-Inputs!$B$5)*(K66-Inputs!$B$5)+((Inputs!$C$70*SIN((-$B66))-Inputs!$B$70*COS((-$B66)))-Inputs!$B$6)*(L66-Inputs!$B$6))/M66)<0,((((Inputs!$C$70*COS((-$B66))+Inputs!$B$70*SIN((-$B66)))-Inputs!$B$5)*(K66-Inputs!$B$5)+((Inputs!$C$70*SIN((-$B66))-Inputs!$B$70*COS((-$B66)))-Inputs!$B$6)*(L66-Inputs!$B$6))/M66)>M66-Inputs!$B$40),999,(ABS((K66-Inputs!$B$5)*((Inputs!$C$70*SIN((-$B66))-Inputs!$B$70*COS((-$B66)))-Inputs!$B$6)-(L66-Inputs!$B$6)*((Inputs!$C$70*COS((-$B66))+Inputs!$B$70*SIN((-$B66)))-Inputs!$B$5))/M66)-IF(((((Inputs!$C$70*COS((-$B66))+Inputs!$B$70*SIN((-$B66)))-Inputs!$B$5)*(K66-Inputs!$B$5)+((Inputs!$C$70*SIN((-$B66))-Inputs!$B$70*COS((-$B66)))-Inputs!$B$6)*(L66-Inputs!$B$6))/M66)<$B$16,$B$7/2,$B$8/2)-Inputs!$B$39),IF(OR(Inputs!$C$71=0,((((Inputs!$C$71*COS((-$B66))+Inputs!$B$71*SIN((-$B66)))-Inputs!$B$5)*(K66-Inputs!$B$5)+((Inputs!$C$71*SIN((-$B66))-Inputs!$B$71*COS((-$B66)))-Inputs!$B$6)*(L66-Inputs!$B$6))/M66)<0,((((Inputs!$C$71*COS((-$B66))+Inputs!$B$71*SIN((-$B66)))-Inputs!$B$5)*(K66-Inputs!$B$5)+((Inputs!$C$71*SIN((-$B66))-Inputs!$B$71*COS((-$B66)))-Inputs!$B$6)*(L66-Inputs!$B$6))/M66)>M66-Inputs!$B$40),999,(ABS((K66-Inputs!$B$5)*((Inputs!$C$71*SIN((-$B66))-Inputs!$B$71*COS((-$B66)))-Inputs!$B$6)-(L66-Inputs!$B$6)*((Inputs!$C$71*COS((-$B66))+Inputs!$B$71*SIN((-$B66)))-Inputs!$B$5))/M66)-IF(((((Inputs!$C$71*COS((-$B66))+Inputs!$B$71*SIN((-$B66)))-Inputs!$B$5)*(K66-Inputs!$B$5)+((Inputs!$C$71*SIN((-$B66))-Inputs!$B$71*COS((-$B66)))-Inputs!$B$6)*(L66-Inputs!$B$6))/M66)<$B$16,$B$7/2,$B$8/2)-Inputs!$B$39),IF(OR(Inputs!$C$72=0,((((Inputs!$C$72*COS((-$B66))+Inputs!$B$72*SIN((-$B66)))-Inputs!$B$5)*(K66-Inputs!$B$5)+((Inputs!$C$72*SIN((-$B66))-Inputs!$B$72*COS((-$B66)))-Inputs!$B$6)*(L66-Inputs!$B$6))/M66)<0,((((Inputs!$C$72*COS((-$B66))+Inputs!$B$72*SIN((-$B66)))-Inputs!$B$5)*(K66-Inputs!$B$5)+((Inputs!$C$72*SIN((-$B66))-Inputs!$B$72*COS((-$B66)))-Inputs!$B$6)*(L66-Inputs!$B$6))/M66)>M66-Inputs!$B$40),999,(ABS((K66-Inputs!$B$5)*((Inputs!$C$72*SIN((-$B66))-Inputs!$B$72*COS((-$B66)))-Inputs!$B$6)-(L66-Inputs!$B$6)*((Inputs!$C$72*COS((-$B66))+Inputs!$B$72*SIN((-$B66)))-Inputs!$B$5))/M66)-IF(((((Inputs!$C$72*COS((-$B66))+Inputs!$B$72*SIN((-$B66)))-Inputs!$B$5)*(K66-Inputs!$B$5)+((Inputs!$C$72*SIN((-$B66))-Inputs!$B$72*COS((-$B66)))-Inputs!$B$6)*(L66-Inputs!$B$6))/M66)<$B$16,$B$7/2,$B$8/2)-Inputs!$B$39)) -> 17.971753 | P66: =IF(AND(M66>=$B$14,M66<=$B$15,N66<=Inputs!$B$38,O66>=0,$D66=1),1,0) -> 1
A67: 6 | B67: =RADIANS(A67) -> 0.10471976 | C67: =MAX(Inputs!$C$68*COS($B67)+Inputs!$B$68*ABS(SIN($B67)),Inputs!$C$69*COS($B67)+Inputs!$B$69*ABS(SIN($B67)),Inputs!$C$70*COS($B67)+Inputs!$B$70*ABS(SIN($B67)),Inputs!$C$71*COS($B67)+Inputs!$B$71*ABS(SIN($B67)),Inputs!$C$72*COS($B67)+Inputs!$B$72*ABS(SIN($B67))) -> 120.24043 | D67: =IF(C67<=Inputs!$B$38,1,0) -> 1 | E67: =Inputs!$B$11*COS(($B67))-Inputs!$B$7*SIN(($B67)) -> 116.23559 | F67: =Inputs!$B$11*SIN(($B67))+Inputs!$B$7*COS(($B67)) -> -188.8848 | G67: =SQRT((E67-Inputs!$B$5)^2+(F67-Inputs!$B$6)^2) -> 318.35098 | H67: =MAX(MAX(Inputs!$B$5,(Inputs!$B$5+(E67-Inputs!$B$5)*MIN(1,$B$16/G67)))+$B$7/2,MAX((Inputs!$B$5+(E67-Inputs!$B$5)*MIN(1,$B$16/G67)),E67)+Inputs!$B$41) -> 291.8 | I67: =MIN(IF(OR(Inputs!$C$68=0,((((Inputs!$C$68*COS(($B67))+Inputs!$B$68*SIN(($B67)))-Inputs!$B$5)*(E67-Inputs!$B$5)+((Inputs!$C$68*SIN(($B67))-Inputs!$B$68*COS(($B67)))-Inputs!$B$6)*(F67-Inputs!$B$6))/G67)<0,((((Inputs!$C$68*COS(($B67))+Inputs!$B$68*SIN(($B67)))-Inputs!$B$5)*(E67-Inputs!$B$5)+((Inputs!$C$68*SIN(($B67))-Inputs!$B$68*COS(($B67)))-Inputs!$B$6)*(F67-Inputs!$B$6))/G67)>G67-Inputs!$B$40),999,(ABS((E67-Inputs!$B$5)*((Inputs!$C$68*SIN(($B67))-Inputs!$B$68*COS(($B67)))-Inputs!$B$6)-(F67-Inputs!$B$6)*((Inputs!$C$68*COS(($B67))+Inputs!$B$68*SIN(($B67)))-Inputs!$B$5))/G67)-IF(((((Inputs!$C$68*COS(($B67))+Inputs!$B$68*SIN(($B67)))-Inputs!$B$5)*(E67-Inputs!$B$5)+((Inputs!$C$68*SIN(($B67))-Inputs!$B$68*COS(($B67)))-Inputs!$B$6)*(F67-Inputs!$B$6))/G67)<$B$16,$B$7/2,$B$8/2)-Inputs!$B$39),IF(OR(Inputs!$C$69=0,((((Inputs!$C$69*COS(($B67))+Inputs!$B$69*SIN(($B67)))-Inputs!$B$5)*(E67-Inputs!$B$5)+((Inputs!$C$69*SIN(($B67))-Inputs!$B$69*COS(($B67)))-Inputs!$B$6)*(F67-Inputs!$B$6))/G67)<0,((((Inputs!$C$69*COS(($B67))+Inputs!$B$69*SIN(($B67)))-Inputs!$B$5)*(E67-Inputs!$B$5)+((Inputs!$C$69*SIN(($B67))-Inputs!$B$69*COS(($B67)))-Inputs!$B$6)*(F67-Inputs!$B$6))/G67)>G67-Inputs!$B$40),999,(ABS((E67-Inputs!$B$5)*((Inputs!$C$69*SIN(($B67))-Inputs!$B$69*COS(($B67)))-Inputs!$B$6)-(F67-Inputs!$B$6)*((Inputs!$C$69*COS(($B67))+Inputs!$B$69*SIN(($B67)))-Inputs!$B$5))/G67)-IF(((((Inputs!$C$69*COS(($B67))+Inputs!$B$69*SIN(($B67)))-Inputs!$B$5)*(E67-Inputs!$B$5)+((Inputs!$C$69*SIN(($B67))-Inputs!$B$69*COS(($B67)))-Inputs!$B$6)*(F67-Inputs!$B$6))/G67)<$B$16,$B$7/2,$B$8/2)-Inputs!$B$39),IF(OR(Inputs!$C$70=0,((((Inputs!$C$70*COS(($B67))+Inputs!$B$70*SIN(($B67)))-Inputs!$B$5)*(E67-Inputs!$B$5)+((Inputs!$C$70*SIN(($B67))-Inputs!$B$70*COS(($B67)))-Inputs!$B$6)*(F67-Inputs!$B$6))/G67)<0,((((Inputs!$C$70*COS(($B67))+Inputs!$B$70*SIN(($B67)))-Inputs!$B$5)*(E67-Inputs!$B$5)+((Inputs!$C$70*SIN(($B67))-Inputs!$B$70*COS(($B67)))-Inputs!$B$6)*(F67-Inputs!$B$6))/G67)>G67-Inputs!$B$40),999,(ABS((E67-Inputs!$B$5)*((Inputs!$C$70*SIN(($B67))-Inputs!$B$70*COS(($B67)))-Inputs!$B$6)-(F67-Inputs!$B$6)*((Inputs!$C$70*COS(($B67))+Inputs!$B$70*SIN(($B67)))-Inputs!$B$5))/G67)-IF(((((Inputs!$C$70*COS(($B67))+Inputs!$B$70*SIN(($B67)))-Inputs!$B$5)*(E67-Inputs!$B$5)+((Inputs!$C$70*SIN(($B67))-Inputs!$B$70*COS(($B67)))-Inputs!$B$6)*(F67-Inputs!$B$6))/G67)<$B$16,$B$7/2,$B$8/2)-Inputs!$B$39),IF(OR(Inputs!$C$71=0,((((Inputs!$C$71*COS(($B67))+Inputs!$B$71*SIN(($B67)))-Inputs!$B$5)*(E67-Inputs!$B$5)+((Inputs!$C$71*SIN(($B67))-Inputs!$B$71*COS(($B67)))-Inputs!$B$6)*(F67-Inputs!$B$6))/G67)<0,((((Inputs!$C$71*COS(($B67))+Inputs!$B$71*SIN(($B67)))-Inputs!$B$5)*(E67-Inputs!$B$5)+((Inputs!$C$71*SIN(($B67))-Inputs!$B$71*COS(($B67)))-Inputs!$B$6)*(F67-Inputs!$B$6))/G67)>G67-Inputs!$B$40),999,(ABS((E67-Inputs!$B$5)*((Inputs!$C$71*SIN(($B67))-Inputs!$B$71*COS(($B67)))-Inputs!$B$6)-(F67-Inputs!$B$6)*((Inputs!$C$71*COS(($B67))+Inputs!$B$71*SIN(($B67)))-Inputs!$B$5))/G67)-IF(((((Inputs!$C$71*COS(($B67))+Inputs!$B$71*SIN(($B67)))-Inputs!$B$5)*(E67-Inputs!$B$5)+((Inputs!$C$71*SIN(($B67))-Inputs!$B$71*COS(($B67)))-Inputs!$B$6)*(F67-Inputs!$B$6))/G67)<$B$16,$B$7/2,$B$8/2)-Inputs!$B$39),IF(OR(Inputs!$C$72=0,((((Inputs!$C$72*COS(($B67))+Inputs!$B$72*SIN(($B67)))-Inputs!$B$5)*(E67-Inputs!$B$5)+((Inputs!$C$72*SIN(($B67))-Inputs!$B$72*COS(($B67)))-Inputs!$B$6)*(F67-Inputs!$B$6))/G67)<0,((((Inputs!$C$72*COS(($B67))+Inputs!$B$72*SIN(($B67)))-Inputs!$B$5)*(E67-Inputs!$B$5)+((Inputs!$C$72*SIN(($B67))-Inputs!$B$72*COS(($B67)))-Inputs!$B$6)*(F67-Inputs!$B$6))/G67)>G67-Inputs!$B$40),999,(ABS((E67-Inputs!$B$5)*((Inputs!$C$72*SIN(($B67))-Inputs!$B$72*COS(($B67)))-Inputs!$B$6)-(F67-Inputs!$B$6)*((Inputs!$C$72*COS(($B67))+Inputs!$B$72*SIN(($B67)))-Inputs!$B$5))/G67)-IF(((((Inputs!$C$72*COS(($B67))+Inputs!$B$72*SIN(($B67)))-Inputs!$B$5)*(E67-Inputs!$B$5)+((Inputs!$C$72*SIN(($B67))-Inputs!$B$72*COS(($B67)))-Inputs!$B$6)*(F67-Inputs!$B$6))/G67)<$B$16,$B$7/2,$B$8/2)-Inputs!$B$39)) -> 32.953509 | J67: =IF(AND(G67>=$B$14,G67<=$B$15,H67<=Inputs!$B$38,I67>=0,$D67=1),1,0) -> 1 | K67: =Inputs!$B$11*COS((-$B67))-Inputs!$B$7*SIN((-$B67)) -> 74.424204 | L67: =Inputs!$B$11*SIN((-$B67))+Inputs!$B$7*COS((-$B67)) -> -208.92395 | M67: =SQRT((K67-Inputs!$B$5)^2+(L67-Inputs!$B$6)^2) -> 355.33206 | N67: =MAX(MAX(Inputs!$B$5,(Inputs!$B$5+(K67-Inputs!$B$5)*MIN(1,$B$16/M67)))+$B$7/2,MAX((Inputs!$B$5+(K67-Inputs!$B$5)*MIN(1,$B$16/M67)),K67)+Inputs!$B$41) -> 291.8 | O67: =MIN(IF(OR(Inputs!$C$68=0,((((Inputs!$C$68*COS((-$B67))+Inputs!$B$68*SIN((-$B67)))-Inputs!$B$5)*(K67-Inputs!$B$5)+((Inputs!$C$68*SIN((-$B67))-Inputs!$B$68*COS((-$B67)))-Inputs!$B$6)*(L67-Inputs!$B$6))/M67)<0,((((Inputs!$C$68*COS((-$B67))+Inputs!$B$68*SIN((-$B67)))-Inputs!$B$5)*(K67-Inputs!$B$5)+((Inputs!$C$68*SIN((-$B67))-Inputs!$B$68*COS((-$B67)))-Inputs!$B$6)*(L67-Inputs!$B$6))/M67)>M67-Inputs!$B$40),999,(ABS((K67-Inputs!$B$5)*((Inputs!$C$68*SIN((-$B67))-Inputs!$B$68*COS((-$B67)))-Inputs!$B$6)-(L67-Inputs!$B$6)*((Inputs!$C$68*COS((-$B67))+Inputs!$B$68*SIN((-$B67)))-Inputs!$B$5))/M67)-IF(((((Inputs!$C$68*COS((-$B67))+Inputs!$B$68*SIN((-$B67)))-Inputs!$B$5)*(K67-Inputs!$B$5)+((Inputs!$C$68*SIN((-$B67))-Inputs!$B$68*COS((-$B67)))-Inputs!$B$6)*(L67-Inputs!$B$6))/M67)<$B$16,$B$7/2,$B$8/2)-Inputs!$B$39),IF(OR(Inputs!$C$69=0,((((Inputs!$C$69*COS((-$B67))+Inputs!$B$69*SIN((-$B67)))-Inputs!$B$5)*(K67-Inputs!$B$5)+((Inputs!$C$69*SIN((-$B67))-Inputs!$B$69*COS((-$B67)))-Inputs!$B$6)*(L67-Inputs!$B$6))/M67)<0,((((Inputs!$C$69*COS((-$B67))+Inputs!$B$69*SIN((-$B67)))-Inputs!$B$5)*(K67-Inputs!$B$5)+((Inputs!$C$69*SIN((-$B67))-Inputs!$B$69*COS((-$B67)))-Inputs!$B$6)*(L67-Inputs!$B$6))/M67)>M67-Inputs!$B$40),999,(ABS((K67-Inputs!$B$5)*((Inputs!$C$69*SIN((-$B67))-Inputs!$B$69*COS((-$B67)))-Inputs!$B$6)-(L67-Inputs!$B$6)*((Inputs!$C$69*COS((-$B67))+Inputs!$B$69*SIN((-$B67)))-Inputs!$B$5))/M67)-IF(((((Inputs!$C$69*COS((-$B67))+Inputs!$B$69*SIN((-$B67)))-Inputs!$B$5)*(K67-Inputs!$B$5)+((Inputs!$C$69*SIN((-$B67))-Inputs!$B$69*COS((-$B67)))-Inputs!$B$6)*(L67-Inputs!$B$6))/M67)<$B$16,$B$7/2,$B$8/2)-Inputs!$B$39),IF(OR(Inputs!$C$70=0,((((Inputs!$C$70*COS((-$B67))+Inputs!$B$70*SIN((-$B67)))-Inputs!$B$5)*(K67-Inputs!$B$5)+((Inputs!$C$70*SIN((-$B67))-Inputs!$B$70*COS((-$B67)))-Inputs!$B$6)*(L67-Inputs!$B$6))/M67)<0,((((Inputs!$C$70*COS((-$B67))+Inputs!$B$70*SIN((-$B67)))-Inputs!$B$5)*(K67-Inputs!$B$5)+((Inputs!$C$70*SIN((-$B67))-Inputs!$B$70*COS((-$B67)))-Inputs!$B$6)*(L67-Inputs!$B$6))/M67)>M67-Inputs!$B$40),999,(ABS((K67-Inputs!$B$5)*((Inputs!$C$70*SIN((-$B67))-Inputs!$B$70*COS((-$B67)))-Inputs!$B$6)-(L67-Inputs!$B$6)*((Inputs!$C$70*COS((-$B67))+Inputs!$B$70*SIN((-$B67)))-Inputs!$B$5))/M67)-IF(((((Inputs!$C$70*COS((-$B67))+Inputs!$B$70*SIN((-$B67)))-Inputs!$B$5)*(K67-Inputs!$B$5)+((Inputs!$C$70*SIN((-$B67))-Inputs!$B$70*COS((-$B67)))-Inputs!$B$6)*(L67-Inputs!$B$6))/M67)<$B$16,$B$7/2,$B$8/2)-Inputs!$B$39),IF(OR(Inputs!$C$71=0,((((Inputs!$C$71*COS((-$B67))+Inputs!$B$71*SIN((-$B67)))-Inputs!$B$5)*(K67-Inputs!$B$5)+((Inputs!$C$71*SIN((-$B67))-Inputs!$B$71*COS((-$B67)))-Inputs!$B$6)*(L67-Inputs!$B$6))/M67)<0,((((Inputs!$C$71*COS((-$B67))+Inputs!$B$71*SIN((-$B67)))-Inputs!$B$5)*(K67-Inputs!$B$5)+((Inputs!$C$71*SIN((-$B67))-Inputs!$B$71*COS((-$B67)))-Inputs!$B$6)*(L67-Inputs!$B$6))/M67)>M67-Inputs!$B$40),999,(ABS((K67-Inputs!$B$5)*((Inputs!$C$71*SIN((-$B67))-Inputs!$B$71*COS((-$B67)))-Inputs!$B$6)-(L67-Inputs!$B$6)*((Inputs!$C$71*COS((-$B67))+Inputs!$B$71*SIN((-$B67)))-Inputs!$B$5))/M67)-IF(((((Inputs!$C$71*COS((-$B67))+Inputs!$B$71*SIN((-$B67)))-Inputs!$B$5)*(K67-Inputs!$B$5)+((Inputs!$C$71*SIN((-$B67))-Inputs!$B$71*COS((-$B67)))-Inputs!$B$6)*(L67-Inputs!$B$6))/M67)<$B$16,$B$7/2,$B$8/2)-Inputs!$B$39),IF(OR(Inputs!$C$72=0,((((Inputs!$C$72*COS((-$B67))+Inputs!$B$72*SIN((-$B67)))-Inputs!$B$5)*(K67-Inputs!$B$5)+((Inputs!$C$72*SIN((-$B67))-Inputs!$B$72*COS((-$B67)))-Inputs!$B$6)*(L67-Inputs!$B$6))/M67)<0,((((Inputs!$C$72*COS((-$B67))+Inputs!$B$72*SIN((-$B67)))-Inputs!$B$5)*(K67-Inputs!$B$5)+((Inputs!$C$72*SIN((-$B67))-Inputs!$B$72*COS((-$B67)))-Inputs!$B$6)*(L67-Inputs!$B$6))/M67)>M67-Inputs!$B$40),999,(ABS((K67-Inputs!$B$5)*((Inputs!$C$72*SIN((-$B67))-Inputs!$B$72*COS((-$B67)))-Inputs!$B$6)-(L67-Inputs!$B$6)*((Inputs!$C$72*COS((-$B67))+Inputs!$B$72*SIN((-$B67)))-Inputs!$B$5))/M67)-IF(((((Inputs!$C$72*COS((-$B67))+Inputs!$B$72*SIN((-$B67)))-Inputs!$B$5)*(K67-Inputs!$B$5)+((Inputs!$C$72*SIN((-$B67))-Inputs!$B$72*COS((-$B67)))-Inputs!$B$6)*(L67-Inputs!$B$6))/M67)<$B$16,$B$7/2,$B$8/2)-Inputs!$B$39)) -> 17.647523 | P67: =IF(AND(M67>=$B$14,M67<=$B$15,N67<=Inputs!$B$38,O67>=0,$D67=1),1,0) -> 1
A68: 6.25 | B68: =RADIANS(A68) -> 0.10908308 | C68: =MAX(Inputs!$C$68*COS($B68)+Inputs!$B$68*ABS(SIN($B68)),Inputs!$C$69*COS($B68)+Inputs!$B$69*ABS(SIN($B68)),Inputs!$C$70*COS($B68)+Inputs!$B$70*ABS(SIN($B68)),Inputs!$C$71*COS($B68)+Inputs!$B$71*ABS(SIN($B68)),Inputs!$C$72*COS($B68)+Inputs!$B$72*ABS(SIN($B68))) -> 121.93328 | D68: =IF(C68<=Inputs!$B$38,1,0) -> 1 | E68: =Inputs!$B$11*COS(($B68))-Inputs!$B$7*SIN(($B68)) -> 117.05865 | F68: =Inputs!$B$11*SIN(($B68))+Inputs!$B$7*COS(($B68)) -> -188.37583 | G68: =SQRT((E68-Inputs!$B$5)^2+(F68-Inputs!$B$6)^2) -> 317.54374 | H68: =MAX(MAX(Inputs!$B$5,(Inputs!$B$5+(E68-Inputs!$B$5)*MIN(1,$B$16/G68)))+$B$7/2,MAX((Inputs!$B$5+(E68-Inputs!$B$5)*MIN(1,$B$16/G68)),E68)+Inputs!$B$41) -> 291.8 | I68: =MIN(IF(OR(Inputs!$C$68=0,((((Inputs!$C$68*COS(($B68))+Inputs!$B$68*SIN(($B68)))-Inputs!$B$5)*(E68-Inputs!$B$5)+((Inputs!$C$68*SIN(($B68))-Inputs!$B$68*COS(($B68)))-Inputs!$B$6)*(F68-Inputs!$B$6))/G68)<0,((((Inputs!$C$68*COS(($B68))+Inputs!$B$68*SIN(($B68)))-Inputs!$B$5)*(E68-Inputs!$B$5)+((Inputs!$C$68*SIN(($B68))-Inputs!$B$68*COS(($B68)))-Inputs!$B$6)*(F68-Inputs!$B$6))/G68)>G68-Inputs!$B$40),999,(ABS((E68-Inputs!$B$5)*((Inputs!$C$68*SIN(($B68))-Inputs!$B$68*COS(($B68)))-Inputs!$B$6)-(F68-Inputs!$B$6)*((Inputs!$C$68*COS(($B68))+Inputs!$B$68*SIN(($B68)))-Inputs!$B$5))/G68)-IF(((((Inputs!$C$68*COS(($B68))+Inputs!$B$68*SIN(($B68)))-Inputs!$B$5)*(E68-Inputs!$B$5)+((Inputs!$C$68*SIN(($B68))-Inputs!$B$68*COS(($B68)))-Inputs!$B$6)*(F68-Inputs!$B$6))/G68)<$B$16,$B$7/2,$B$8/2)-Inputs!$B$39),IF(OR(Inputs!$C$69=0,((((Inputs!$C$69*COS(($B68))+Inputs!$B$69*SIN(($B68)))-Inputs!$B$5)*(E68-Inputs!$B$5)+((Inputs!$C$69*SIN(($B68))-Inputs!$B$69*COS(($B68)))-Inputs!$B$6)*(F68-Inputs!$B$6))/G68)<0,((((Inputs!$C$69*COS(($B68))+Inputs!$B$69*SIN(($B68)))-Inputs!$B$5)*(E68-Inputs!$B$5)+((Inputs!$C$69*SIN(($B68))-Inputs!$B$69*COS(($B68)))-Inputs!$B$6)*(F68-Inputs!$B$6))/G68)>G68-Inputs!$B$40),999,(ABS((E68-Inputs!$B$5)*((Inputs!$C$69*SIN(($B68))-Inputs!$B$69*COS(($B68)))-Inputs!$B$6)-(F68-Inputs!$B$6)*((Inputs!$C$69*COS(($B68))+Inputs!$B$69*SIN(($B68)))-Inputs!$B$5))/G68)-IF(((((Inputs!$C$69*COS(($B68))+Inputs!$B$69*SIN(($B68)))-Inputs!$B$5)*(E68-Inputs!$B$5)+((Inputs!$C$69*SIN(($B68))-Inputs!$B$69*COS(($B68)))-Inputs!$B$6)*(F68-Inputs!$B$6))/G68)<$B$16,$B$7/2,$B$8/2)-Inputs!$B$39),IF(OR(Inputs!$C$70=0,((((Inputs!$C$70*COS(($B68))+Inputs!$B$70*SIN(($B68)))-Inputs!$B$5)*(E68-Inputs!$B$5)+((Inputs!$C$70*SIN(($B68))-Inputs!$B$70*COS(($B68)))-Inputs!$B$6)*(F68-Inputs!$B$6))/G68)<0,((((Inputs!$C$70*COS(($B68))+Inputs!$B$70*SIN(($B68)))-Inputs!$B$5)*(E68-Inputs!$B$5)+((Inputs!$C$70*SIN(($B68))-Inputs!$B$70*COS(($B68)))-Inputs!$B$6)*(F68-Inputs!$B$6))/G68)>G68-Inputs!$B$40),999,(ABS((E68-Inputs!$B$5)*((Inputs!$C$70*SIN(($B68))-Inputs!$B$70*COS(($B68)))-Inputs!$B$6)-(F68-Inputs!$B$6)*((Inputs!$C$70*COS(($B68))+Inputs!$B$70*SIN(($B68)))-Inputs!$B$5))/G68)-IF(((((Inputs!$C$70*COS(($B68))+Inputs!$B$70*SIN(($B68)))-Inputs!$B$5)*(E68-Inputs!$B$5)+((Inputs!$C$70*SIN(($B68))-Inputs!$B$70*COS(($B68)))-Inputs!$B$6)*(F68-Inputs!$B$6))/G68)<$B$16,$B$7/2,$B$8/2)-Inputs!$B$39),IF(OR(Inputs!$C$71=0,((((Inputs!$C$71*COS(($B68))+Inputs!$B$71*SIN(($B68)))-Inputs!$B$5)*(E68-Inputs!$B$5)+((Inputs!$C$71*SIN(($B68))-Inputs!$B$71*COS(($B68)))-Inputs!$B$6)*(F68-Inputs!$B$6))/G68)<0,((((Inputs!$C$71*COS(($B68))+Inputs!$B$71*SIN(($B68)))-Inputs!$B$5)*(E68-Inputs!$B$5)+((Inputs!$C$71*SIN(($B68))-Inputs!$B$71*COS(($B68)))-Inputs!$B$6)*(F68-Inputs!$B$6))/G68)>G68-Inputs!$B$40),999,(ABS((E68-Inputs!$B$5)*((Inputs!$C$71*SIN(($B68))-Inputs!$B$71*COS(($B68)))-Inputs!$B$6)-(F68-Inputs!$B$6)*((Inputs!$C$71*COS(($B68))+Inputs!$B$71*SIN(($B68)))-Inputs!$B$5))/G68)-IF(((((Inputs!$C$71*COS(($B68))+Inputs!$B$71*SIN(($B68)))-Inputs!$B$5)*(E68-Inputs!$B$5)+((Inputs!$C$71*SIN(($B68))-Inputs!$B$71*COS(($B68)))-Inputs!$B$6)*(F68-Inputs!$B$6))/G68)<$B$16,$B$7/2,$B$8/2)-Inputs!$B$39),IF(OR(Inputs!$C$72=0,((((Inputs!$C$72*COS(($B68))+Inputs!$B$72*SIN(($B68)))-Inputs!$B$5)*(E68-Inputs!$B$5)+((Inputs!$C$72*SIN(($B68))-Inputs!$B$72*COS(($B68)))-Inputs!$B$6)*(F68-Inputs!$B$6))/G68)<0,((((Inputs!$C$72*COS(($B68))+Inputs!$B$72*SIN(($B68)))-Inputs!$B$5)*(E68-Inputs!$B$5)+((Inputs!$C$72*SIN(($B68))-Inputs!$B$72*COS(($B68)))-Inputs!$B$6)*(F68-Inputs!$B$6))/G68)>G68-Inputs!$B$40),999,(ABS((E68-Inputs!$B$5)*((Inputs!$C$72*SIN(($B68))-Inputs!$B$72*COS(($B68)))-Inputs!$B$6)-(F68-Inputs!$B$6)*((Inputs!$C$72*COS(($B68))+Inputs!$B$72*SIN(($B68)))-Inputs!$B$5))/G68)-IF(((((Inputs!$C$72*COS(($B68))+Inputs!$B$72*SIN(($B68)))-Inputs!$B$5)*(E68-Inputs!$B$5)+((Inputs!$C$72*SIN(($B68))-Inputs!$B$72*COS(($B68)))-Inputs!$B$6)*(F68-Inputs!$B$6))/G68)<$B$16,$B$7/2,$B$8/2)-Inputs!$B$39)) -> 33.266355 | J68: =IF(AND(G68>=$B$14,G68<=$B$15,H68<=Inputs!$B$38,I68>=0,$D68=1),1,0) -> 1 | K68: =Inputs!$B$11*COS((-$B68))-Inputs!$B$7*SIN((-$B68)) -> 73.511895 | L68: =Inputs!$B$11*SIN((-$B68))+Inputs!$B$7*COS((-$B68)) -> -209.2467 | M68: =SQRT((K68-Inputs!$B$5)^2+(L68-Inputs!$B$6)^2) -> 356.064 | N68: =MAX(MAX(Inputs!$B$5,(Inputs!$B$5+(K68-Inputs!$B$5)*MIN(1,$B$16/M68)))+$B$7/2,MAX((Inputs!$B$5+(K68-Inputs!$B$5)*MIN(1,$B$16/M68)),K68)+Inputs!$B$41) -> 291.8 | O68: =MIN(IF(OR(Inputs!$C$68=0,((((Inputs!$C$68*COS((-$B68))+Inputs!$B$68*SIN((-$B68)))-Inputs!$B$5)*(K68-Inputs!$B$5)+((Inputs!$C$68*SIN((-$B68))-Inputs!$B$68*COS((-$B68)))-Inputs!$B$6)*(L68-Inputs!$B$6))/M68)<0,((((Inputs!$C$68*COS((-$B68))+Inputs!$B$68*SIN((-$B68)))-Inputs!$B$5)*(K68-Inputs!$B$5)+((Inputs!$C$68*SIN((-$B68))-Inputs!$B$68*COS((-$B68)))-Inputs!$B$6)*(L68-Inputs!$B$6))/M68)>M68-Inputs!$B$40),999,(ABS((K68-Inputs!$B$5)*((Inputs!$C$68*SIN((-$B68))-Inputs!$B$68*COS((-$B68)))-Inputs!$B$6)-(L68-Inputs!$B$6)*((Inputs!$C$68*COS((-$B68))+Inputs!$B$68*SIN((-$B68)))-Inputs!$B$5))/M68)-IF(((((Inputs!$C$68*COS((-$B68))+Inputs!$B$68*SIN((-$B68)))-Inputs!$B$5)*(K68-Inputs!$B$5)+((Inputs!$C$68*SIN((-$B68))-Inputs!$B$68*COS((-$B68)))-Inputs!$B$6)*(L68-Inputs!$B$6))/M68)<$B$16,$B$7/2,$B$8/2)-Inputs!$B$39),IF(OR(Inputs!$C$69=0,((((Inputs!$C$69*COS((-$B68))+Inputs!$B$69*SIN((-$B68)))-Inputs!$B$5)*(K68-Inputs!$B$5)+((Inputs!$C$69*SIN((-$B68))-Inputs!$B$69*COS((-$B68)))-Inputs!$B$6)*(L68-Inputs!$B$6))/M68)<0,((((Inputs!$C$69*COS((-$B68))+Inputs!$B$69*SIN((-$B68)))-Inputs!$B$5)*(K68-Inputs!$B$5)+((Inputs!$C$69*SIN((-$B68))-Inputs!$B$69*COS((-$B68)))-Inputs!$B$6)*(L68-Inputs!$B$6))/M68)>M68-Inputs!$B$40),999,(ABS((K68-Inputs!$B$5)*((Inputs!$C$69*SIN((-$B68))-Inputs!$B$69*COS((-$B68)))-Inputs!$B$6)-(L68-Inputs!$B$6)*((Inputs!$C$69*COS((-$B68))+Inputs!$B$69*SIN((-$B68)))-Inputs!$B$5))/M68)-IF(((((Inputs!$C$69*COS((-$B68))+Inputs!$B$69*SIN((-$B68)))-Inputs!$B$5)*(K68-Inputs!$B$5)+((Inputs!$C$69*SIN((-$B68))-Inputs!$B$69*COS((-$B68)))-Inputs!$B$6)*(L68-Inputs!$B$6))/M68)<$B$16,$B$7/2,$B$8/2)-Inputs!$B$39),IF(OR(Inputs!$C$70=0,((((Inputs!$C$70*COS((-$B68))+Inputs!$B$70*SIN((-$B68)))-Inputs!$B$5)*(K68-Inputs!$B$5)+((Inputs!$C$70*SIN((-$B68))-Inputs!$B$70*COS((-$B68)))-Inputs!$B$6)*(L68-Inputs!$B$6))/M68)<0,((((Inputs!$C$70*COS((-$B68))+Inputs!$B$70*SIN((-$B68)))-Inputs!$B$5)*(K68-Inputs!$B$5)+((Inputs!$C$70*SIN((-$B68))-Inputs!$B$70*COS((-$B68)))-Inputs!$B$6)*(L68-Inputs!$B$6))/M68)>M68-Inputs!$B$40),999,(ABS((K68-Inputs!$B$5)*((Inputs!$C$70*SIN((-$B68))-Inputs!$B$70*COS((-$B68)))-Inputs!$B$6)-(L68-Inputs!$B$6)*((Inputs!$C$70*COS((-$B68))+Inputs!$B$70*SIN((-$B68)))-Inputs!$B$5))/M68)-IF(((((Inputs!$C$70*COS((-$B68))+Inputs!$B$70*SIN((-$B68)))-Inputs!$B$5)*(K68-Inputs!$B$5)+((Inputs!$C$70*SIN((-$B68))-Inputs!$B$70*COS((-$B68)))-Inputs!$B$6)*(L68-Inputs!$B$6))/M68)<$B$16,$B$7/2,$B$8/2)-Inputs!$B$39),IF(OR(Inputs!$C$71=0,((((Inputs!$C$71*COS((-$B68))+Inputs!$B$71*SIN((-$B68)))-Inputs!$B$5)*(K68-Inputs!$B$5)+((Inputs!$C$71*SIN((-$B68))-Inputs!$B$71*COS((-$B68)))-Inputs!$B$6)*(L68-Inputs!$B$6))/M68)<0,((((Inputs!$C$71*COS((-$B68))+Inputs!$B$71*SIN((-$B68)))-Inputs!$B$5)*(K68-Inputs!$B$5)+((Inputs!$C$71*SIN((-$B68))-Inputs!$B$71*COS((-$B68)))-Inputs!$B$6)*(L68-Inputs!$B$6))/M68)>M68-Inputs!$B$40),999,(ABS((K68-Inputs!$B$5)*((Inputs!$C$71*SIN((-$B68))-Inputs!$B$71*COS((-$B68)))-Inputs!$B$6)-(L68-Inputs!$B$6)*((Inputs!$C$71*COS((-$B68))+Inputs!$B$71*SIN((-$B68)))-Inputs!$B$5))/M68)-IF(((((Inputs!$C$71*COS((-$B68))+Inputs!$B$71*SIN((-$B68)))-Inputs!$B$5)*(K68-Inputs!$B$5)+((Inputs!$C$71*SIN((-$B68))-Inputs!$B$71*COS((-$B68)))-Inputs!$B$6)*(L68-Inputs!$B$6))/M68)<$B$16,$B$7/2,$B$8/2)-Inputs!$B$39),IF(OR(Inputs!$C$72=0,((((Inputs!$C$72*COS((-$B68))+Inputs!$B$72*SIN((-$B68)))-Inputs!$B$5)*(K68-Inputs!$B$5)+((Inputs!$C$72*SIN((-$B68))-Inputs!$B$72*COS((-$B68)))-Inputs!$B$6)*(L68-Inputs!$B$6))/M68)<0,((((Inputs!$C$72*COS((-$B68))+Inputs!$B$72*SIN((-$B68)))-Inputs!$B$5)*(K68-Inputs!$B$5)+((Inputs!$C$72*SIN((-$B68))-Inputs!$B$72*COS((-$B68)))-Inputs!$B$6)*(L68-Inputs!$B$6))/M68)>M68-Inputs!$B$40),999,(ABS((K68-Inputs!$B$5)*((Inputs!$C$72*SIN((-$B68))-Inputs!$B$72*COS((-$B68)))-Inputs!$B$6)-(L68-Inputs!$B$6)*((Inputs!$C$72*COS((-$B68))+Inputs!$B$72*SIN((-$B68)))-Inputs!$B$5))/M68)-IF(((((Inputs!$C$72*COS((-$B68))+Inputs!$B$72*SIN((-$B68)))-Inputs!$B$5)*(K68-Inputs!$B$5)+((Inputs!$C$72*SIN((-$B68))-Inputs!$B$72*COS((-$B68)))-Inputs!$B$6)*(L68-Inputs!$B$6))/M68)<$B$16,$B$7/2,$B$8/2)-Inputs!$B$39)) -> 17.323084 | P68: =IF(AND(M68>=$B$14,M68<=$B$15,N68<=Inputs!$B$38,O68>=0,$D68=1),1,0) -> 1
